,state,county,employed
0, AL,Autauga County,25823
1, AL,Baldwin County,93133
2, AL,Barbour County,8331
3, AL,Bibb County,8689
4, AL,Blount County,25154
5, AL,Bullock County,4615
6, AL,Butler County,8844
7, AL,Calhoun County,44804
8, AL,Chambers County,15373
9, AL,Cherokee County,11166
10, AL,Chilton County,19576
11, AL,Choctaw County,4372
12, AL,Clarke County,7074
13, AL,Clay County,5919
14, AL,Cleburne County,5590
15, AL,Coffee County,20578
16, AL,Colbert County,22903
17, AL,Conecuh County,4309
18, AL,Coosa County,4367
19, AL,Covington County,15015
20, AL,Crenshaw County,6198
21, AL,Cullman County,37812
22, AL,Dale County,19984
23, AL,Dallas County,13881
24, AL,DeKalb County,30147
25, AL,Elmore County,37113
26, AL,Escambia County,14212
27, AL,Etowah County,42915
28, AL,Fayette County,6352
29, AL,Franklin County,14372
30, AL,Geneva County,10674
31, AL,Greene County,2721
32, AL,Hale County,5942
33, AL,Henry County,6638
34, AL,Houston County,44614
35, AL,Jackson County,22461
36, AL,Jefferson County,316226
37, AL,Lamar County,5646
38, AL,Lauderdale County,41662
39, AL,Lawrence County,13989
40, AL,Lee County,75998
41, AL,Limestone County,42930
42, AL,Lowndes County,3464
43, AL,Macon County,7591
44, AL,Madison County,182392
45, AL,Marengo County,7333
46, AL,Marion County,12353
47, AL,Marshall County,42991
48, AL,Mobile County,184657
49, AL,Monroe County,6997
50, AL,Montgomery County,104763
51, AL,Morgan County,57159
52, AL,Perry County,3239
53, AL,Pickens County,7822
54, AL,Pike County,14966
55, AL,Randolph County,9393
56, AL,Russell County,23220
57, AL,St. Clair County,40015
58, AL,Shelby County,114678
59, AL,Sumter County,4710
60, AL,Talladega County,34570
61, AL,Tallapoosa County,17955
62, AL,Tuscaloosa County,103244
63, AL,Walker County,25123
64, AL,Washington County,6422
65, AL,Wilcox County,2507
66, AL,Winston County,9744
67, AK,Aleutians East Borough,1072
68, AK,Aleutians West Census Area,2411
69, AK,Anchorage Borough/municipality,141539
70, AK,Bethel Census Area,6477
71, AK,Bristol Bay Borough,209
72, AK,Denali Borough,468
73, AK,Dillingham Census Area,1475
74, AK,Fairbanks North Star Borough,41701
75, AK,Haines Borough,845
76, AK,Hoonah-Angoon Census Area,826
77, AK,Juneau Borough/city,15568
78, AK,Kenai Peninsula Borough,23563
79, AK,Ketchikan Gateway Borough,6071
80, AK,Kodiak Island Borough,4879
81, AK,Kusilvak Census Area,2250
82, AK,Lake and Peninsula Borough,526
83, AK,Matanuska-Susitna Borough,43479
84, AK,Nome Census Area,3682
85, AK,North Slope Borough,3232
86, AK,Northwest Arctic Borough,2587
87, AK,Petersburg Borough,1209
88, AK,Prince of Wales-Hyder Census Area,2511
89, AK,Sitka Borough/city,3851
90, AK,Skagway Municipality,504
91, AK,Southeast Fairbanks Census Area,2560
92, AK,Valdez-Cordova Census Area,3827
93, AK,Wrangell Borough/city,925
94, AK,Yakutat Borough/city,208
95, AK,Yukon-Koyukuk Census Area,2166
96, AZ,Apache County,18912
97, AZ,Cochise County,48516
98, AZ,Coconino County,73397
99, AZ,Gila County,20746
100, AZ,Graham County,15328
101, AZ,Greenlee County,4187
102, AZ,La Paz County,9034
103, AZ,Maricopa County,2269205
104, AZ,Mohave County,84077
105, AZ,Navajo County,37981
106, AZ,Pima County,486161
107, AZ,Pinal County,180608
108, AZ,Santa Cruz County,18843
109, AZ,Yavapai County,104343
110, AZ,Yuma County,86939
111, AR,Arkansas County,9155
112, AR,Ashley County,7179
113, AR,Baxter County,15525
114, AR,Benton County,135623
115, AR,Boone County,15462
116, AR,Bradley County,4334
117, AR,Calhoun County,2317
118, AR,Carroll County,12196
119, AR,Chicot County,3052
120, AR,Clark County,9432
121, AR,Clay County,5348
122, AR,Cleburne County,8660
123, AR,Cleveland County,3128
124, AR,Columbia County,8799
125, AR,Conway County,7990
126, AR,Craighead County,53852
127, AR,Crawford County,25807
128, AR,Crittenden County,20819
129, AR,Cross County,7086
130, AR,Dallas County,2724
131, AR,Desha County,5184
132, AR,Drew County,7558
133, AR,Faulkner County,60144
134, AR,Franklin County,7205
135, AR,Fulton County,4766
136, AR,Garland County,39148
137, AR,Grant County,8164
138, AR,Greene County,19278
139, AR,Hempstead County,9482
140, AR,Hot Spring County,13500
141, AR,Howard County,5566
142, AR,Independence County,15938
143, AR,Izard County,4624
144, AR,Jackson County,5480
145, AR,Jefferson County,26185
146, AR,Johnson County,9855
147, AR,Lafayette County,2356
148, AR,Lawrence County,6587
149, AR,Lee County,2719
150, AR,Lincoln County,3812
151, AR,Little River County,5263
152, AR,Logan County,8161
153, AR,Lonoke County,33152
154, AR,Madison County,7464
155, AR,Marion County,6313
156, AR,Miller County,18984
157, AR,Mississippi County,16475
158, AR,Monroe County,2637
159, AR,Montgomery County,2766
160, AR,Nevada County,3455
161, AR,Newton County,3229
162, AR,Ouachita County,9326
163, AR,Perry County,4113
164, AR,Phillips County,5970
165, AR,Pike County,4066
166, AR,Poinsett County,10125
167, AR,Polk County,7819
168, AR,Pope County,27728
169, AR,Prairie County,3468
170, AR,Pulaski County,184784
171, AR,Randolph County,7075
172, AR,St. Francis County,7734
173, AR,Saline County,56579
174, AR,Scott County,4187
175, AR,Searcy County,2674
176, AR,Sebastian County,54816
177, AR,Sevier County,5281
178, AR,Sharp County,5393
179, AR,Stone County,4414
180, AR,Union County,14954
181, AR,Van Buren County,5366
182, AR,Washington County,123986
183, AR,White County,32470
184, AR,Woodruff County,2659
185, AR,Yell County,8161
186, CA,Alameda County,837109
187, CA,Alpine County,585
188, CA,Amador County,14268
189, CA,Butte County,98350
190, CA,Calaveras County,20753
191, CA,Colusa County,9138
192, CA,Contra Costa County,555626
193, CA,Del Norte County,9148
194, CA,El Dorado County,89463
195, CA,Fresno County,421616
196, CA,Glenn County,12228
197, CA,Humboldt County,61770
198, CA,Imperial County,59488
199, CA,Inyo County,8368
200, CA,Kern County,357668
201, CA,Kings County,53843
202, CA,Lake County,27651
203, CA,Lassen County,9293
204, CA,Los Angeles County,4986726
205, CA,Madera County,57621
206, CA,Marin County,140172
207, CA,Mariposa County,6615
208, CA,Mendocino County,37577
209, CA,Merced County,106464
210, CA,Modoc County,2825
211, CA,Mono County,9074
212, CA,Monterey County,199143
213, CA,Napa County,70715
214, CA,Nevada County,47256
215, CA,Orange County,1593503
216, CA,Placer County,182019
217, CA,Plumas County,6883
218, CA,Riverside County,1070423
219, CA,Sacramento County,693988
220, CA,San Benito County,29644
221, CA,San Bernardino County,946496
222, CA,San Diego County,1569425
223, CA,San Francisco County/city,580382
224, CA,San Joaquin County,306552
225, CA,San Luis Obispo County,136578
226, CA,San Mateo County,458894
227, CA,Santa Barbara County,208046
228, CA,Santa Clara County,1050644
229, CA,Santa Cruz County,133104
230, CA,Shasta County,70412
231, CA,Sierra County,1245
232, CA,Siskiyou County,16052
233, CA,Solano County,200674
234, CA,Sonoma County,256370
235, CA,Stanislaus County,228260
236, CA,Sutter County,42411
237, CA,Tehama County,24247
238, CA,Trinity County,4310
239, CA,Tulare County,184685
240, CA,Tuolumne County,20750
241, CA,Ventura County,409558
242, CA,Yolo County,105222
243, CA,Yuba County,27960
244, CO,Adams County,269926
245, CO,Alamosa County,8414
246, CO,Arapahoe County,362528
247, CO,Archuleta County,6791
248, CO,Baca County,2331
249, CO,Bent County,2102
250, CO,Boulder County,195832
251, CO,Broomfield County/city,40013
252, CO,Chaffee County,9379
253, CO,Cheyenne County,1188
254, CO,Clear Creek County,6082
255, CO,Conejos County,4122
256, CO,Costilla County,1883
257, CO,Crowley County,1513
258, CO,Custer County,2013
259, CO,Delta County,14555
260, CO,Denver County/city,412910
261, CO,Dolores County,1240
262, CO,Douglas County,192047
263, CO,Eagle County,37822
264, CO,Elbert County,15167
265, CO,El Paso County,338203
266, CO,Fremont County,14270
267, CO,Garfield County,32968
268, CO,Gilpin County,3746
269, CO,Grand County,10255
270, CO,Gunnison County,10935
271, CO,Hinsdale County,367
272, CO,Huerfano County,2449
273, CO,Jackson County,1054
274, CO,Jefferson County,334661
275, CO,Kiowa County,1003
276, CO,Kit Carson County,4572
277, CO,Lake County,5155
278, CO,La Plata County,30644
279, CO,Larimer County,205316
280, CO,Las Animas County,6417
281, CO,Lincoln County,2598
282, CO,Logan County,11109
283, CO,Mesa County,74984
284, CO,Mineral County,597
285, CO,Moffat County,7565
286, CO,Montezuma County,12565
287, CO,Montrose County,22008
288, CO,Morgan County,16942
289, CO,Otero County,8539
290, CO,Ouray County,2218
291, CO,Park County,10842
292, CO,Phillips County,2869
293, CO,Pitkin County,11373
294, CO,Prowers County,6381
295, CO,Pueblo County,73421
296, CO,Rio Blanco County,2705
297, CO,Rio Grande County,5674
298, CO,Routt County,17143
299, CO,Saguache County,3679
300, CO,San Juan County,411
301, CO,San Miguel County,5739
302, CO,Sedgwick County,1313
303, CO,Summit County,23640
304, CO,Teller County,12631
305, CO,Washington County,3566
306, CO,Weld County,168213
307, CO,Yuma County,7433
308, CT,Fairfield County,470162
309, CT,Hartford County,467794
310, CT,Litchfield County,102144
311, CT,Middlesex County,91286
312, CT,New Haven County,447056
313, CT,New London County,132457
314, CT,Tolland County,84775
315, CT,Windham County,61265
316, DE,Kent County,77000
317, DE,New Castle County,297002
318, DE,Sussex County,101060
319,District of Columbia,District of Columbia,393853
320, FL,Alachua County,135233
321, FL,Baker County,11863
322, FL,Bay County,82202
323, FL,Bradford County,11137
324, FL,Brevard County,275387
325, FL,Broward County,1023100
326, FL,Calhoun County,4892
327, FL,Charlotte County,71118
328, FL,Citrus County,45797
329, FL,Clay County,106296
330, FL,Collier County,180722
331, FL,Columbia County,29427
332, FL,DeSoto County,14443
333, FL,Dixie County,5678
334, FL,Duval County,486534
335, FL,Escambia County,142389
336, FL,Flagler County,46993
337, FL,Franklin County,4643
338, FL,Gadsden County,18155
339, FL,Gilchrist County,6691
340, FL,Glades County,5580
341, FL,Gulf County,5605
342, FL,Hamilton County,4081
343, FL,Hardee County,8375
344, FL,Hendry County,15552
345, FL,Hernando County,68995
346, FL,Highlands County,35162
347, FL,Hillsborough County,730614
348, FL,Holmes County,6762
349, FL,Indian River County,65892
350, FL,Jackson County,17100
351, FL,Jefferson County,5559
352, FL,Lafayette County,2718
353, FL,Lake County,156657
354, FL,Lee County,348014
355, FL,Leon County,154698
356, FL,Levy County,16507
357, FL,Liberty County,2547
358, FL,Madison County,7157
359, FL,Manatee County,176634
360, FL,Marion County,133112
361, FL,Martin County,73855
362, FL,Miami-Dade County,1400943
363, FL,Monroe County,46354
364, FL,Nassau County,39897
365, FL,Okaloosa County,93615
366, FL,Okeechobee County,17910
367, FL,Orange County,759452
368, FL,Osceola County,179426
369, FL,Palm Beach County,721118
370, FL,Pasco County,228688
371, FL,Pinellas County,489161
372, FL,Polk County,295261
373, FL,Putnam County,26578
374, FL,St. Johns County,127860
375, FL,St. Lucie County,140679
376, FL,Santa Rosa County,79085
377, FL,Sarasota County,185978
378, FL,Seminole County,257276
379, FL,Sumter County,30630
380, FL,Suwannee County,17729
381, FL,Taylor County,8266
382, FL,Union County,4699
383, FL,Volusia County,249298
384, FL,Wakulla County,14918
385, FL,Walton County,29765
386, FL,Washington County,9657
387, GA,Appling County,9073
388, GA,Atkinson County,4529
389, GA,Bacon County,4675
390, GA,Baker County,1154
391, GA,Baldwin County,16670
392, GA,Banks County,9503
393, GA,Barrow County,39409
394, GA,Bartow County,49512
395, GA,Ben Hill County,5021
396, GA,Berrien County,7172
397, GA,Bibb County,66675
398, GA,Bleckley County,4272
399, GA,Brantley County,6981
400, GA,Brooks County,6792
401, GA,Bryan County,17300
402, GA,Bulloch County,34912
403, GA,Burke County,8882
404, GA,Butts County,10591
405, GA,Calhoun County,2198
406, GA,Camden County,20178
407, GA,Candler County,5376
408, GA,Carroll County,54476
409, GA,Catoosa County,32279
410, GA,Charlton County,4638
411, GA,Chatham County,136185
412, GA,Chattahoochee County,1866
413, GA,Chattooga County,9767
414, GA,Cherokee County,131909
415, GA,Clarke County,59837
416, GA,Clay County,810
417, GA,Clayton County,133451
418, GA,Clinch County,2417
419, GA,Cobb County,422469
420, GA,Coffee County,18112
421, GA,Colquitt County,20467
422, GA,Columbia County,72851
423, GA,Cook County,7759
424, GA,Coweta County,72904
425, GA,Crawford County,5507
426, GA,Crisp County,9051
427, GA,Dade County,7954
428, GA,Dawson County,11882
429, GA,Decatur County,11091
430, GA,DeKalb County,394090
431, GA,Dodge County,6617
432, GA,Dooly County,4917
433, GA,Dougherty County,36621
434, GA,Douglas County,71751
435, GA,Early County,4270
436, GA,Echols County,1851
437, GA,Effingham County,29069
438, GA,Elbert County,7385
439, GA,Emanuel County,7845
440, GA,Evans County,4714
441, GA,Fannin County,10963
442, GA,Fayette County,57290
443, GA,Floyd County,43392
444, GA,Forsyth County,117319
445, GA,Franklin County,9499
446, GA,Fulton County,546981
447, GA,Gilmer County,11363
448, GA,Glascock County,1232
449, GA,Glynn County,38904
450, GA,Gordon County,27204
451, GA,Grady County,10013
452, GA,Greene County,6547
453, GA,Gwinnett County,482760
454, GA,Habersham County,18474
455, GA,Hall County,102933
456, GA,Hancock County,2357
457, GA,Haralson County,12314
458, GA,Harris County,16021
459, GA,Hart County,10498
460, GA,Heard County,5129
461, GA,Henry County,112358
462, GA,Houston County,68424
463, GA,Irwin County,3179
464, GA,Jackson County,36778
465, GA,Jasper County,6840
466, GA,Jeff Davis County,5691
467, GA,Jefferson County,6324
468, GA,Jenkins County,2962
469, GA,Johnson County,3873
470, GA,Jones County,13476
471, GA,Lamar County,7929
472, GA,Lanier County,3715
473, GA,Laurens County,18064
474, GA,Lee County,14437
475, GA,Liberty County,24883
476, GA,Lincoln County,3449
477, GA,Long County,7763
478, GA,Lowndes County,50406
479, GA,Lumpkin County,16396
480, GA,McDuffie County,8550
481, GA,McIntosh County,5957
482, GA,Macon County,4459
483, GA,Madison County,13334
484, GA,Marion County,3225
485, GA,Meriwether County,8689
486, GA,Miller County,2647
487, GA,Mitchell County,8120
488, GA,Monroe County,12632
489, GA,Montgomery County,3530
490, GA,Morgan County,8904
491, GA,Murray County,15175
492, GA,Muscogee County,74741
493, GA,Newton County,50800
494, GA,Oconee County,19293
495, GA,Oglethorpe County,6938
496, GA,Paulding County,83219
497, GA,Peach County,11421
498, GA,Pickens County,15017
499, GA,Pierce County,8327
500, GA,Pike County,8631
501, GA,Polk County,17862
502, GA,Pulaski County,3995
503, GA,Putnam County,7842
504, GA,Quitman County,756
505, GA,Rabun County,6665
506, GA,Randolph County,2412
507, GA,Richmond County,82991
508, GA,Rockdale County,44040
509, GA,Schley County,2124
510, GA,Screven County,4770
511, GA,Seminole County,2852
512, GA,Spalding County,27926
513, GA,Stephens County,10167
514, GA,Stewart County,2312
515, GA,Sumter County,12237
516, GA,Talbot County,2691
517, GA,Taliaferro County,542
518, GA,Tattnall County,9122
519, GA,Taylor County,3047
520, GA,Telfair County,3567
521, GA,Terrell County,3447
522, GA,Thomas County,15653
523, GA,Tift County,19203
524, GA,Toombs County,11069
525, GA,Towns County,3557
526, GA,Treutlen County,2426
527, GA,Troup County,36362
528, GA,Turner County,3008
529, GA,Twiggs County,2788
530, GA,Union County,9851
531, GA,Upson County,10974
532, GA,Walker County,30196
533, GA,Walton County,44846
534, GA,Ware County,15013
535, GA,Warren County,2692
536, GA,Washington County,6672
537, GA,Wayne County,10828
538, GA,Webster County,976
539, GA,Wheeler County,1467
540, GA,White County,16093
541, GA,Whitfield County,43363
542, GA,Wilcox County,2546
543, GA,Wilkes County,3630
544, GA,Wilkinson County,3841
545, GA,Worth County,8819
546, HI,Hawaii County,85447
547, HI,Honolulu County/city,451075
548, HI,Kauai County,34119
549, HI,Maui County,82791
550, ID,Ada County,251077
551, ID,Adams County,1568
552, ID,Bannock County,42610
553, ID,Bear Lake County,2820
554, ID,Benewah County,3801
555, ID,Bingham County,22924
556, ID,Blaine County,12341
557, ID,Boise County,3351
558, ID,Bonner County,19326
559, ID,Bonneville County,57862
560, ID,Boundary County,5098
561, ID,Butte County,1399
562, ID,Camas County,671
563, ID,Canyon County,101255
564, ID,Caribou County,3927
565, ID,Cassia County,11833
566, ID,Clark County,363
567, ID,Clearwater County,2660
568, ID,Custer County,1964
569, ID,Elmore County,10971
570, ID,Franklin County,7076
571, ID,Fremont County,7828
572, ID,Gem County,8183
573, ID,Gooding County,8110
574, ID,Idaho County,6139
575, ID,Jefferson County,13937
576, ID,Jerome County,12011
577, ID,Kootenai County,76701
578, ID,Latah County,20235
579, ID,Lemhi County,3310
580, ID,Lewis County,1520
581, ID,Lincoln County,2653
582, ID,Madison County,22133
583, ID,Minidoka County,11017
584, ID,Nez Perce County,20946
585, ID,Oneida County,2314
586, ID,Owyhee County,5054
587, ID,Payette County,11357
588, ID,Power County,3737
589, ID,Shoshone County,4909
590, ID,Teton County,6270
591, ID,Twin Falls County,40887
592, ID,Valley County,5259
593, ID,Washington County,4405
594, IL,Adams County,31271
595, IL,Alexander County,2007
596, IL,Bond County,7529
597, IL,Boone County,24650
598, IL,Brown County,2831
599, IL,Bureau County,16282
600, IL,Calhoun County,2201
601, IL,Carroll County,6890
602, IL,Cass County,5786
603, IL,Champaign County,103856
604, IL,Christian County,13722
605, IL,Clark County,7348
606, IL,Clay County,6122
607, IL,Clinton County,19595
608, IL,Coles County,23294
609, IL,Cook County,2492264
610, IL,Crawford County,8155
611, IL,Cumberland County,5777
612, IL,DeKalb County,53148
613, IL,De Witt County,7040
614, IL,Douglas County,9775
615, IL,DuPage County,490010
616, IL,Edgar County,8505
617, IL,Edwards County,2632
618, IL,Effingham County,18348
619, IL,Fayette County,9273
620, IL,Ford County,6062
621, IL,Franklin County,16217
622, IL,Fulton County,13872
623, IL,Gallatin County,2327
624, IL,Greene County,5780
625, IL,Grundy County,23887
626, IL,Hamilton County,4514
627, IL,Hancock County,7974
628, IL,Hardin County,1298
629, IL,Henderson County,3549
630, IL,Henry County,23242
631, IL,Iroquois County,13638
632, IL,Jackson County,27332
633, IL,Jasper County,4577
634, IL,Jefferson County,16632
635, IL,Jersey County,10476
636, IL,Jo Daviess County,10197
637, IL,Johnson County,3802
638, IL,Kane County,261575
639, IL,Kankakee County,53282
640, IL,Kendall County,64903
641, IL,Knox County,20208
642, IL,Lake County,363002
643, IL,LaSalle County,52494
644, IL,Lawrence County,5652
645, IL,Lee County,16693
646, IL,Livingston County,15305
647, IL,Logan County,11928
648, IL,McDonough County,12411
649, IL,McHenry County,158971
650, IL,McLean County,83068
651, IL,Macon County,47084
652, IL,Macoupin County,21874
653, IL,Madison County,128991
654, IL,Marion County,16888
655, IL,Marshall County,5085
656, IL,Mason County,5793
657, IL,Massac County,5446
658, IL,Menard County,6357
659, IL,Mercer County,7455
660, IL,Monroe County,17995
661, IL,Montgomery County,10884
662, IL,Morgan County,15239
663, IL,Moultrie County,7349
664, IL,Ogle County,23203
665, IL,Peoria County,81255
666, IL,Perry County,8025
667, IL,Piatt County,8203
668, IL,Pike County,6806
669, IL,Pope County,1686
670, IL,Pulaski County,1945
671, IL,Putnam County,2912
672, IL,Randolph County,13452
673, IL,Richland County,6952
674, IL,Rock Island County,66868
675, IL,St. Clair County,121294
676, IL,Saline County,9293
677, IL,Sangamon County,99959
678, IL,Schuyler County,3107
679, IL,Scott County,2410
680, IL,Shelby County,10272
681, IL,Stark County,2343
682, IL,Stephenson County,20674
683, IL,Tazewell County,61094
684, IL,Union County,7054
685, IL,Vermilion County,30964
686, IL,Wabash County,5624
687, IL,Warren County,8199
688, IL,Washington County,9287
689, IL,Wayne County,6619
690, IL,White County,6301
691, IL,Whiteside County,26918
692, IL,Will County,340930
693, IL,Williamson County,30838
694, IL,Winnebago County,131801
695, IL,Woodford County,18012
696, IN,Adams County,16548
697, IN,Allen County,179288
698, IN,Bartholomew County,44450
699, IN,Benton County,4394
700, IN,Blackford County,4681
701, IN,Boone County,34740
702, IN,Brown County,7366
703, IN,Carroll County,9840
704, IN,Cass County,17139
705, IN,Clark County,59786
706, IN,Clay County,11788
707, IN,Clinton County,16558
708, IN,Crawford County,4613
709, IN,Daviess County,16309
710, IN,Dearborn County,25561
711, IN,Decatur County,14251
712, IN,DeKalb County,21993
713, IN,Delaware County,52356
714, IN,Dubois County,22503
715, IN,Elkhart County,112577
716, IN,Fayette County,8172
717, IN,Floyd County,40214
718, IN,Fountain County,7693
719, IN,Franklin County,10980
720, IN,Fulton County,9463
721, IN,Gibson County,19130
722, IN,Grant County,31018
723, IN,Greene County,13100
724, IN,Hamilton County,175292
725, IN,Hancock County,38361
726, IN,Harrison County,19560
727, IN,Hendricks County,85600
728, IN,Henry County,21273
729, IN,Howard County,36483
730, IN,Huntington County,17553
731, IN,Jackson County,22469
732, IN,Jasper County,15825
733, IN,Jay County,9140
734, IN,Jefferson County,14415
735, IN,Jennings County,13270
736, IN,Johnson County,79389
737, IN,Knox County,18119
738, IN,Kosciusko County,40927
739, IN,LaGrange County,19639
740, IN,Lake County,220264
741, IN,LaPorte County,45033
742, IN,Lawrence County,20371
743, IN,Madison County,56828
744, IN,Marion County,471035
745, IN,Marshall County,22194
746, IN,Martin County,5239
747, IN,Miami County,14740
748, IN,Monroe County,68032
749, IN,Montgomery County,18160
750, IN,Morgan County,34962
751, IN,Newton County,6788
752, IN,Noble County,22701
753, IN,Ohio County,3136
754, IN,Orange County,8327
755, IN,Owen County,9049
756, IN,Parke County,6745
757, IN,Perry County,8889
758, IN,Pike County,5970
759, IN,Porter County,83193
760, IN,Posey County,13324
761, IN,Pulaski County,6263
762, IN,Putnam County,16158
763, IN,Randolph County,10796
764, IN,Ripley County,13790
765, IN,Rush County,8653
766, IN,St. Joseph County,131747
767, IN,Scott County,10246
768, IN,Shelby County,22357
769, IN,Spencer County,9897
770, IN,Starke County,9393
771, IN,Steuben County,20107
772, IN,Sullivan County,8176
773, IN,Switzerland County,4861
774, IN,Tippecanoe County,93702
775, IN,Tipton County,8982
776, IN,Union County,3609
777, IN,Vanderburgh County,92093
778, IN,Vermillion County,6739
779, IN,Vigo County,46736
780, IN,Wabash County,14629
781, IN,Warren County,4043
782, IN,Warrick County,32122
783, IN,Washington County,13335
784, IN,Wayne County,29456
785, IN,Wells County,14012
786, IN,White County,12964
787, IN,Whitley County,17171
788, IA,Adair County,4200
789, IA,Adams County,2196
790, IA,Allamakee County,7396
791, IA,Appanoose County,5820
792, IA,Audubon County,3254
793, IA,Benton County,13410
794, IA,Black Hawk County,68217
795, IA,Boone County,14991
796, IA,Bremer County,13892
797, IA,Buchanan County,10676
798, IA,Buena Vista County,11732
799, IA,Butler County,7851
800, IA,Calhoun County,4333
801, IA,Carroll County,10987
802, IA,Cass County,7000
803, IA,Cedar County,10830
804, IA,Cerro Gordo County,23634
805, IA,Cherokee County,6009
806, IA,Chickasaw County,6644
807, IA,Clarke County,4927
808, IA,Clay County,8717
809, IA,Clayton County,9925
810, IA,Clinton County,21806
811, IA,Crawford County,8042
812, IA,Dallas County,49160
813, IA,Davis County,4314
814, IA,Decatur County,4387
815, IA,Delaware County,10656
816, IA,Des Moines County,18935
817, IA,Dickinson County,9509
818, IA,Dubuque County,56098
819, IA,Emmet County,5223
820, IA,Fayette County,10870
821, IA,Floyd County,8342
822, IA,Franklin County,5908
823, IA,Fremont County,3741
824, IA,Greene County,5515
825, IA,Grundy County,6597
826, IA,Guthrie County,5758
827, IA,Hamilton County,7032
828, IA,Hancock County,6005
829, IA,Hardin County,8200
830, IA,Harrison County,7596
831, IA,Henry County,9804
832, IA,Howard County,5444
833, IA,Humboldt County,5270
834, IA,Ida County,4218
835, IA,Iowa County,10745
836, IA,Jackson County,10988
837, IA,Jasper County,19588
838, IA,Jefferson County,9381
839, IA,Johnson County,84232
840, IA,Jones County,10538
841, IA,Keokuk County,5006
842, IA,Kossuth County,8666
843, IA,Lee County,15729
844, IA,Linn County,119091
845, IA,Louisa County,6126
846, IA,Lucas County,4668
847, IA,Lyon County,7153
848, IA,Madison County,8562
849, IA,Mahaska County,11848
850, IA,Marion County,18704
851, IA,Marshall County,17109
852, IA,Mills County,7604
853, IA,Mitchell County,5991
854, IA,Monona County,4428
855, IA,Monroe County,3980
856, IA,Montgomery County,5013
857, IA,Muscatine County,21157
858, IA,O'Brien County,8262
859, IA,Osceola County,3647
860, IA,Page County,6399
861, IA,Palo Alto County,5089
862, IA,Plymouth County,15083
863, IA,Pocahontas County,4552
864, IA,Polk County,270004
865, IA,Pottawattamie County,49472
866, IA,Poweshiek County,10667
867, IA,Ringgold County,2555
868, IA,Sac County,5299
869, IA,Scott County,85674
870, IA,Shelby County,6738
871, IA,Sioux County,21124
872, IA,Story County,60275
873, IA,Tama County,9643
874, IA,Taylor County,3277
875, IA,Union County,6279
876, IA,Van Buren County,3725
877, IA,Wapello County,17405
878, IA,Warren County,28327
879, IA,Washington County,12083
880, IA,Wayne County,2825
881, IA,Webster County,18815
882, IA,Winnebago County,4889
883, IA,Winneshiek County,12203
884, IA,Woodbury County,55372
885, IA,Worth County,4186
886, IA,Wright County,6491
887, KS,Allen County,6341
888, KS,Anderson County,4052
889, KS,Atchison County,6660
890, KS,Barber County,2332
891, KS,Barton County,12993
892, KS,Bourbon County,6354
893, KS,Brown County,5205
894, KS,Butler County,31183
895, KS,Chase County,1523
896, KS,Chautauqua County,1372
897, KS,Cherokee County,9897
898, KS,Cheyenne County,1344
899, KS,Clark County,1078
900, KS,Clay County,3707
901, KS,Cloud County,3644
902, KS,Coffey County,3689
903, KS,Comanche County,875
904, KS,Cowley County,15511
905, KS,Crawford County,18212
906, KS,Decatur County,1273
907, KS,Dickinson County,8525
908, KS,Doniphan County,4027
909, KS,Douglas County,64901
910, KS,Edwards County,1608
911, KS,Elk County,1146
912, KS,Ellis County,16771
913, KS,Ellsworth County,2755
914, KS,Finney County,20334
915, KS,Ford County,16226
916, KS,Franklin County,13554
917, KS,Geary County,10923
918, KS,Gove County,1503
919, KS,Graham County,1057
920, KS,Grant County,3141
921, KS,Gray County,3255
922, KS,Greeley County,817
923, KS,Greenwood County,3259
924, KS,Hamilton County,1620
925, KS,Harper County,2817
926, KS,Harvey County,16509
927, KS,Haskell County,2223
928, KS,Hodgeman County,1005
929, KS,Jackson County,7133
930, KS,Jefferson County,10020
931, KS,Jewell County,1295
932, KS,Johnson County,334820
933, KS,Kearny County,2048
934, KS,Kingman County,3351
935, KS,Kiowa County,1336
936, KS,Labette County,9778
937, KS,Lane County,800
938, KS,Leavenworth County,36087
939, KS,Lincoln County,1636
940, KS,Linn County,4289
941, KS,Logan County,1641
942, KS,Lyon County,16444
943, KS,McPherson County,16815
944, KS,Marion County,5919
945, KS,Marshall County,5385
946, KS,Meade County,2183
947, KS,Miami County,17252
948, KS,Mitchell County,3276
949, KS,Montgomery County,14298
950, KS,Morris County,2919
951, KS,Morton County,1140
952, KS,Nemaha County,5295
953, KS,Neosho County,5833
954, KS,Ness County,1326
955, KS,Norton County,2658
956, KS,Osage County,7779
957, KS,Osborne County,2061
958, KS,Ottawa County,2950
959, KS,Pawnee County,2819
960, KS,Phillips County,2605
961, KS,Pottawatomie County,12143
962, KS,Pratt County,4848
963, KS,Rawlins County,1515
964, KS,Reno County,28709
965, KS,Republic County,2247
966, KS,Rice County,5131
967, KS,Riley County,34994
968, KS,Rooks County,2482
969, KS,Rush County,1614
970, KS,Russell County,3242
971, KS,Saline County,28962
972, KS,Scott County,2810
973, KS,Sedgwick County,239777
974, KS,Seward County,9125
975, KS,Shawnee County,89513
976, KS,Sheridan County,1433
977, KS,Sherman County,2820
978, KS,Smith County,2003
979, KS,Stafford County,1998
980, KS,Stanton County,1041
981, KS,Stevens County,2422
982, KS,Sumner County,10539
983, KS,Thomas County,4186
984, KS,Trego County,1384
985, KS,Wabaunsee County,3612
986, KS,Wallace County,816
987, KS,Washington County,2909
988, KS,Wichita County,1700
989, KS,Wilson County,3802
990, KS,Woodson County,1649
991, KS,Wyandotte County,75937
992, KY,Adair County,7068
993, KY,Allen County,8914
994, KY,Anderson County,11866
995, KY,Ballard County,3427
996, KY,Barren County,18420
997, KY,Bath County,4406
998, KY,Bell County,8002
999, KY,Boone County,70039
1000, KY,Bourbon County,9658
1001, KY,Boyd County,16967
1002, KY,Boyle County,12091
1003, KY,Bracken County,3774
1004, KY,Breathitt County,3366
1005, KY,Breckinridge County,7649
1006, KY,Bullitt County,41158
1007, KY,Butler County,5096
1008, KY,Caldwell County,5293
1009, KY,Calloway County,18269
1010, KY,Campbell County,50068
1011, KY,Carlisle County,2249
1012, KY,Carroll County,5315
1013, KY,Carter County,9048
1014, KY,Casey County,6644
1015, KY,Christian County,24279
1016, KY,Clark County,16832
1017, KY,Clay County,4931
1018, KY,Clinton County,3746
1019, KY,Crittenden County,3816
1020, KY,Cumberland County,3054
1021, KY,Daviess County,45870
1022, KY,Edmonson County,4728
1023, KY,Elliott County,1973
1024, KY,Estill County,5130
1025, KY,Fayette County,172288
1026, KY,Fleming County,6032
1027, KY,Floyd County,10079
1028, KY,Franklin County,24845
1029, KY,Fulton County,1933
1030, KY,Gallatin County,4021
1031, KY,Garrard County,7461
1032, KY,Grant County,11523
1033, KY,Graves County,14821
1034, KY,Grayson County,10806
1035, KY,Green County,5086
1036, KY,Greenup County,12535
1037, KY,Hancock County,3898
1038, KY,Hardin County,47501
1039, KY,Harlan County,6098
1040, KY,Harrison County,8578
1041, KY,Hart County,7910
1042, KY,Henderson County,21542
1043, KY,Henry County,8033
1044, KY,Hickman County,1740
1045, KY,Hopkins County,18492
1046, KY,Jackson County,3888
1047, KY,Jefferson County,389668
1048, KY,Jessamine County,25965
1049, KY,Johnson County,6180
1050, KY,Kenton County,86721
1051, KY,Knott County,4160
1052, KY,Knox County,9647
1053, KY,Larue County,5893
1054, KY,Laurel County,24083
1055, KY,Lawrence County,4753
1056, KY,Lee County,1908
1057, KY,Leslie County,2487
1058, KY,Letcher County,5956
1059, KY,Lewis County,4346
1060, KY,Lincoln County,8927
1061, KY,Livingston County,3532
1062, KY,Logan County,12459
1063, KY,Lyon County,2912
1064, KY,McCracken County,28376
1065, KY,McCreary County,4414
1066, KY,McLean County,4086
1067, KY,Madison County,46248
1068, KY,Magoffin County,2469
1069, KY,Marion County,9433
1070, KY,Marshall County,14721
1071, KY,Martin County,2521
1072, KY,Mason County,7005
1073, KY,Meade County,11850
1074, KY,Menifee County,2174
1075, KY,Mercer County,9334
1076, KY,Metcalfe County,4094
1077, KY,Monroe County,4656
1078, KY,Montgomery County,11035
1079, KY,Morgan County,4283
1080, KY,Muhlenberg County,9362
1081, KY,Nelson County,22578
1082, KY,Nicholas County,3240
1083, KY,Ohio County,9352
1084, KY,Oldham County,32679
1085, KY,Owen County,4903
1086, KY,Owsley County,1103
1087, KY,Pendleton County,6959
1088, KY,Perry County,7784
1089, KY,Pike County,18460
1090, KY,Powell County,4791
1091, KY,Pulaski County,24642
1092, KY,Robertson County,812
1093, KY,Rockcastle County,6531
1094, KY,Rowan County,10070
1095, KY,Russell County,5853
1096, KY,Scott County,28202
1097, KY,Shelby County,24504
1098, KY,Simpson County,8764
1099, KY,Spencer County,9843
1100, KY,Taylor County,12985
1101, KY,Todd County,5295
1102, KY,Trigg County,5915
1103, KY,Trimble County,3798
1104, KY,Union County,5862
1105, KY,Warren County,63452
1106, KY,Washington County,6223
1107, KY,Wayne County,7154
1108, KY,Webster County,5469
1109, KY,Whitley County,13431
1110, KY,Wolfe County,1767
1111, KY,Woodford County,14832
1112, LA,Acadia Parish,22409
1113, LA,Allen Parish,8271
1114, LA,Ascension Parish,60574
1115, LA,Assumption Parish,8236
1116, LA,Avoyelles Parish,13929
1117, LA,Beauregard Parish,13667
1118, LA,Bienville Parish,5068
1119, LA,Bossier Parish,53382
1120, LA,Caddo Parish,95868
1121, LA,Calcasieu Parish,103049
1122, LA,Caldwell Parish,3471
1123, LA,Cameron Parish,3813
1124, LA,Catahoula Parish,3122
1125, LA,Claiborne Parish,5411
1126, LA,Concordia Parish,6568
1127, LA,De Soto Parish,9798
1128, LA,East Baton Rouge Parish,223391
1129, LA,East Carroll Parish,1638
1130, LA,East Feliciana Parish,7637
1131, LA,Evangeline Parish,11005
1132, LA,Franklin Parish,6686
1133, LA,Grant Parish,7417
1134, LA,Iberia Parish,26646
1135, LA,Iberville Parish,13327
1136, LA,Jackson Parish,6384
1137, LA,Jefferson Parish,208364
1138, LA,Jefferson Davis Parish,12515
1139, LA,Lafayette Parish,107534
1140, LA,Lafourche Parish,38050
1141, LA,LaSalle Parish,6410
1142, LA,Lincoln Parish,20682
1143, LA,Livingston Parish,65276
1144, LA,Madison Parish,3146
1145, LA,Morehouse Parish,9058
1146, LA,Natchitoches Parish,15653
1147, LA,Orleans Parish,171990
1148, LA,Ouachita Parish,65637
1149, LA,Plaquemines Parish,9590
1150, LA,Pointe Coupee Parish,9416
1151, LA,Rapides Parish,51225
1152, LA,Red River Parish,3467
1153, LA,Richland Parish,7514
1154, LA,Sabine Parish,8535
1155, LA,St. Bernard Parish,18708
1156, LA,St. Charles Parish,24138
1157, LA,St. Helena Parish,4045
1158, LA,St. James Parish,8870
1159, LA,St. John the Baptist Parish,18797
1160, LA,St. Landry Parish,29610
1161, LA,St. Martin Parish,21082
1162, LA,St. Mary Parish,18575
1163, LA,St. Tammany Parish,114013
1164, LA,Tangipahoa Parish,51782
1165, LA,Tensas Parish,1201
1166, LA,Terrebonne Parish,42098
1167, LA,Union Parish,8440
1168, LA,Vermilion Parish,22650
1169, LA,Vernon Parish,14698
1170, LA,Washington Parish,15626
1171, LA,Webster Parish,13327
1172, LA,West Baton Rouge Parish,12979
1173, LA,West Carroll Parish,3153
1174, LA,West Feliciana Parish,5118
1175, LA,Winn Parish,4463
1176, ME,Androscoggin County,53727
1177, ME,Aroostook County,28918
1178, ME,Cumberland County,160181
1179, ME,Franklin County,14025
1180, ME,Hancock County,26681
1181, ME,Kennebec County,60153
1182, ME,Knox County,19198
1183, ME,Lincoln County,15951
1184, ME,Oxford County,25487
1185, ME,Penobscot County,75129
1186, ME,Piscataquis County,6974
1187, ME,Sagadahoc County,18790
1188, ME,Somerset County,21179
1189, ME,Waldo County,19884
1190, ME,Washington County,13344
1191, ME,York County,109875
1192, MD,Allegany County,30821
1193, MD,Anne Arundel County,313409
1194, MD,Baltimore County,452655
1195, MD,Calvert County,49351
1196, MD,Caroline County,17686
1197, MD,Carroll County,95361
1198, MD,Cecil County,52449
1199, MD,Charles County,85191
1200, MD,Dorchester County,14689
1201, MD,Frederick County,129069
1202, MD,Garrett County,14902
1203, MD,Harford County,139375
1204, MD,Howard County,186843
1205, MD,Kent County,9683
1206, MD,Montgomery County,550963
1207, MD,Prince George's County,503928
1208, MD,Queen Anne's County,27551
1209, MD,St. Mary's County,54870
1210, MD,Somerset County,8602
1211, MD,Talbot County,19007
1212, MD,Washington County,75132
1213, MD,Wicomico County,48184
1214, MD,Worcester County,23387
1215, MD,Baltimore city,286309
1216, MA,Barnstable County,107989
1217, MA,Berkshire County,64075
1218, MA,Bristol County,298047
1219, MA,Dukes County,8368
1220, MA,Essex County,422473
1221, MA,Franklin County,41233
1222, MA,Hampden County,228821
1223, MA,Hampshire County,92074
1224, MA,Middlesex County,919233
1225, MA,Nantucket County/town,6414
1226, MA,Norfolk County,391078
1227, MA,Plymouth County,281473
1228, MA,Suffolk County,453618
1229, MA,Worcester County,443315
1230, MI,Alcona County,3418
1231, MI,Alger County,2886
1232, MI,Allegan County,60578
1233, MI,Alpena County,12736
1234, MI,Antrim County,9529
1235, MI,Arenac County,5417
1236, MI,Baraga County,3014
1237, MI,Barry County,30580
1238, MI,Bay County,47440
1239, MI,Benzie County,8289
1240, MI,Berrien County,70805
1241, MI,Branch County,18985
1242, MI,Calhoun County,60464
1243, MI,Cass County,23680
1244, MI,Charlevoix County,12244
1245, MI,Cheboygan County,8908
1246, MI,Chippewa County,15274
1247, MI,Clare County,11111
1248, MI,Clinton County,40384
1249, MI,Crawford County,5305
1250, MI,Delta County,15784
1251, MI,Dickinson County,11955
1252, MI,Eaton County,56161
1253, MI,Emmet County,16208
1254, MI,Genesee County,176819
1255, MI,Gladwin County,9386
1256, MI,Gogebic County,5719
1257, MI,Grand Traverse County,47348
1258, MI,Gratiot County,16929
1259, MI,Hillsdale County,19901
1260, MI,Houghton County,15834
1261, MI,Huron County,14800
1262, MI,Ingham County,148033
1263, MI,Ionia County,29328
1264, MI,Iosco County,9283
1265, MI,Iron County,4883
1266, MI,Isabella County,33650
1267, MI,Jackson County,71893
1268, MI,Kalamazoo County,130609
1269, MI,Kalkaska County,7353
1270, MI,Kent County,349297
1271, MI,Keweenaw County,842
1272, MI,Lake County,3601
1273, MI,Lapeer County,39831
1274, MI,Leelanau County,10027
1275, MI,Lenawee County,45518
1276, MI,Livingston County,101154
1277, MI,Luce County,2200
1278, MI,Mackinac County,3490
1279, MI,Macomb County,435583
1280, MI,Manistee County,9730
1281, MI,Marquette County,31198
1282, MI,Mason County,12532
1283, MI,Mecosta County,17715
1284, MI,Menominee County,10535
1285, MI,Midland County,38777
1286, MI,Missaukee County,6679
1287, MI,Monroe County,73335
1288, MI,Montcalm County,27223
1289, MI,Montmorency County,2788
1290, MI,Muskegon County,76084
1291, MI,Newaygo County,22083
1292, MI,Oakland County,660533
1293, MI,Oceana County,11158
1294, MI,Ogemaw County,7429
1295, MI,Ontonagon County,1908
1296, MI,Osceola County,10701
1297, MI,Oscoda County,2779
1298, MI,Otsego County,10861
1299, MI,Ottawa County,155642
1300, MI,Presque Isle County,4560
1301, MI,Roscommon County,7091
1302, MI,Saginaw County,83822
1303, MI,St. Clair County,73437
1304, MI,St. Joseph County,26717
1305, MI,Sanilac County,18156
1306, MI,Schoolcraft County,3195
1307, MI,Shiawassee County,32011
1308, MI,Tuscola County,22601
1309, MI,Van Buren County,34137
1310, MI,Washtenaw County,193407
1311, MI,Wayne County,770407
1312, MI,Wexford County,14289
1313, MN,Aitkin County,6822
1314, MN,Anoka County,192851
1315, MN,Becker County,18080
1316, MN,Beltrami County,23828
1317, MN,Benton County,21301
1318, MN,Big Stone County,2339
1319, MN,Blue Earth County,40541
1320, MN,Brown County,14103
1321, MN,Carlton County,17015
1322, MN,Carver County,56925
1323, MN,Cass County,13365
1324, MN,Chippewa County,6866
1325, MN,Chisago County,28917
1326, MN,Clay County,35620
1327, MN,Clearwater County,4204
1328, MN,Cook County,2791
1329, MN,Cottonwood County,5955
1330, MN,Crow Wing County,30859
1331, MN,Dakota County,235820
1332, MN,Dodge County,11604
1333, MN,Douglas County,20138
1334, MN,Faribault County,6718
1335, MN,Fillmore County,11284
1336, MN,Freeborn County,15570
1337, MN,Goodhue County,26485
1338, MN,Grant County,3195
1339, MN,Hennepin County,692034
1340, MN,Houston County,10491
1341, MN,Hubbard County,9325
1342, MN,Isanti County,20525
1343, MN,Itasca County,20829
1344, MN,Jackson County,5567
1345, MN,Kanabec County,8484
1346, MN,Kandiyohi County,24622
1347, MN,Kittson County,2306
1348, MN,Koochiching County,5578
1349, MN,Lac qui Parle County,3414
1350, MN,Lake County,5136
1351, MN,Lake of the Woods County,2400
1352, MN,Le Sueur County,15425
1353, MN,Lincoln County,3221
1354, MN,Lyon County,14527
1355, MN,McLeod County,18752
1356, MN,Mahnomen County,2237
1357, MN,Marshall County,5166
1358, MN,Martin County,10006
1359, MN,Meeker County,12794
1360, MN,Mille Lacs County,12273
1361, MN,Morrison County,16835
1362, MN,Mower County,19991
1363, MN,Murray County,4810
1364, MN,Nicollet County,20943
1365, MN,Nobles County,11167
1366, MN,Norman County,3278
1367, MN,Olmsted County,86768
1368, MN,Otter Tail County,30396
1369, MN,Pennington County,8508
1370, MN,Pine County,14197
1371, MN,Pipestone County,4910
1372, MN,Polk County,16424
1373, MN,Pope County,6432
1374, MN,Ramsey County,283589
1375, MN,Red Lake County,2132
1376, MN,Redwood County,7400
1377, MN,Renville County,8663
1378, MN,Rice County,36482
1379, MN,Rock County,5710
1380, MN,Roseau County,7719
1381, MN,St. Louis County,98726
1382, MN,Scott County,81474
1383, MN,Sherburne County,50507
1384, MN,Sibley County,8257
1385, MN,Stearns County,88854
1386, MN,Steele County,19933
1387, MN,Stevens County,5387
1388, MN,Swift County,4917
1389, MN,Todd County,13360
1390, MN,Traverse County,1696
1391, MN,Wabasha County,12052
1392, MN,Wadena County,5693
1393, MN,Waseca County,8420
1394, MN,Washington County,139635
1395, MN,Watonwan County,6533
1396, MN,Wilkin County,3459
1397, MN,Winona County,28249
1398, MN,Wright County,73088
1399, MN,Yellow Medicine County,5358
1400, MS,Adams County,10631
1401, MS,Alcorn County,15537
1402, MS,Amite County,4102
1403, MS,Attala County,6410
1404, MS,Benton County,2913
1405, MS,Bolivar County,11168
1406, MS,Calhoun County,5473
1407, MS,Carroll County,3294
1408, MS,Chickasaw County,6498
1409, MS,Choctaw County,3692
1410, MS,Claiborne County,2631
1411, MS,Clarke County,5544
1412, MS,Clay County,7239
1413, MS,Coahoma County,7819
1414, MS,Copiah County,10580
1415, MS,Covington County,7852
1416, MS,DeSoto County,86880
1417, MS,Forrest County,33066
1418, MS,Franklin County,2538
1419, MS,George County,8252
1420, MS,Greene County,4011
1421, MS,Grenada County,9261
1422, MS,Hancock County,18022
1423, MS,Harrison County,83245
1424, MS,Hinds County,104193
1425, MS,Holmes County,5025
1426, MS,Humphreys County,2027
1427, MS,Issaquena County,327
1428, MS,Itawamba County,9922
1429, MS,Jackson County,55879
1430, MS,Jasper County,5613
1431, MS,Jefferson County,1647
1432, MS,Jefferson Davis County,3906
1433, MS,Jones County,23892
1434, MS,Kemper County,3138
1435, MS,Lafayette County,28564
1436, MS,Lamar County,30159
1437, MS,Lauderdale County,28796
1438, MS,Lawrence County,4220
1439, MS,Leake County,7385
1440, MS,Lee County,39030
1441, MS,Leflore County,9286
1442, MS,Lincoln County,13844
1443, MS,Lowndes County,23835
1444, MS,Madison County,51317
1445, MS,Marion County,9586
1446, MS,Marshall County,13889
1447, MS,Monroe County,14707
1448, MS,Montgomery County,3734
1449, MS,Neshoba County,9412
1450, MS,Newton County,8041
1451, MS,Noxubee County,3513
1452, MS,Oktibbeha County,21671
1453, MS,Panola County,12080
1454, MS,Pearl River County,22480
1455, MS,Perry County,4188
1456, MS,Pike County,13519
1457, MS,Pontotoc County,13945
1458, MS,Prentiss County,10813
1459, MS,Quitman County,2179
1460, MS,Rankin County,73501
1461, MS,Scott County,12480
1462, MS,Sharkey County,1516
1463, MS,Simpson County,10391
1464, MS,Smith County,6359
1465, MS,Stone County,6483
1466, MS,Sunflower County,6952
1467, MS,Tallahatchie County,4934
1468, MS,Tate County,11646
1469, MS,Tippah County,9097
1470, MS,Tishomingo County,8359
1471, MS,Tunica County,4212
1472, MS,Union County,13547
1473, MS,Walthall County,4541
1474, MS,Warren County,18973
1475, MS,Washington County,15094
1476, MS,Wayne County,6938
1477, MS,Webster County,3665
1478, MS,Wilkinson County,2494
1479, MS,Winston County,6988
1480, MS,Yalobusha County,4991
1481, MS,Yazoo County,8484
1482, MO,Adair County,10010
1483, MO,Andrew County,9438
1484, MO,Atchison County,2575
1485, MO,Audrain County,10294
1486, MO,Barry County,14809
1487, MO,Barton County,5003
1488, MO,Bates County,7681
1489, MO,Benton County,6796
1490, MO,Bollinger County,5399
1491, MO,Boone County,96476
1492, MO,Buchanan County,43403
1493, MO,Butler County,17347
1494, MO,Caldwell County,4268
1495, MO,Callaway County,20397
1496, MO,Camden County,17082
1497, MO,Cape Girardeau County,40053
1498, MO,Carroll County,4539
1499, MO,Carter County,2425
1500, MO,Cass County,53525
1501, MO,Cedar County,5516
1502, MO,Chariton County,3650
1503, MO,Christian County,43495
1504, MO,Clark County,3046
1505, MO,Clay County,133121
1506, MO,Clinton County,10591
1507, MO,Cole County,37276
1508, MO,Cooper County,7240
1509, MO,Crawford County,10493
1510, MO,Dade County,3404
1511, MO,Dallas County,6756
1512, MO,Daviess County,3938
1513, MO,DeKalb County,4624
1514, MO,Dent County,6022
1515, MO,Douglas County,4816
1516, MO,Dunklin County,10773
1517, MO,Franklin County,51604
1518, MO,Gasconade County,7407
1519, MO,Gentry County,3355
1520, MO,Greene County,147829
1521, MO,Grundy County,4230
1522, MO,Harrison County,3646
1523, MO,Henry County,9347
1524, MO,Hickory County,3604
1525, MO,Holt County,2463
1526, MO,Howard County,4749
1527, MO,Howell County,15999
1528, MO,Iron County,3336
1529, MO,Jackson County,355864
1530, MO,Jasper County,56234
1531, MO,Jefferson County,115055
1532, MO,Johnson County,22326
1533, MO,Knox County,1725
1534, MO,Laclede County,15900
1535, MO,Lafayette County,16538
1536, MO,Lawrence County,17276
1537, MO,Lewis County,4863
1538, MO,Lincoln County,26880
1539, MO,Linn County,4879
1540, MO,Livingston County,7101
1541, MO,McDonald County,10607
1542, MO,Macon County,7312
1543, MO,Madison County,5280
1544, MO,Maries County,3748
1545, MO,Marion County,14207
1546, MO,Mercer County,1792
1547, MO,Miller County,11701
1548, MO,Mississippi County,5531
1549, MO,Moniteau County,6882
1550, MO,Monroe County,3713
1551, MO,Montgomery County,5537
1552, MO,Morgan County,7678
1553, MO,New Madrid County,7839
1554, MO,Newton County,26843
1555, MO,Nodaway County,10627
1556, MO,Oregon County,3840
1557, MO,Osage County,6761
1558, MO,Ozark County,3112
1559, MO,Pemiscot County,5990
1560, MO,Perry County,9752
1561, MO,Pettis County,20300
1562, MO,Phelps County,19173
1563, MO,Pike County,7208
1564, MO,Platte County,57203
1565, MO,Polk County,14047
1566, MO,Pulaski County,13964
1567, MO,Putnam County,2148
1568, MO,Ralls County,5508
1569, MO,Randolph County,10067
1570, MO,Ray County,10788
1571, MO,Reynolds County,2861
1572, MO,Ripley County,4764
1573, MO,St. Charles County,220229
1574, MO,St. Clair County,3556
1575, MO,Ste. Genevieve County,8883
1576, MO,St. Francois County,25714
1577, MO,St. Louis County,519858
1578, MO,Saline County,10160
1579, MO,Schuyler County,1816
1580, MO,Scotland County,2299
1581, MO,Scott County,19267
1582, MO,Shannon County,2994
1583, MO,Shelby County,2944
1584, MO,Stoddard County,12390
1585, MO,Stone County,13076
1586, MO,Sullivan County,2552
1587, MO,Taney County,25271
1588, MO,Texas County,8612
1589, MO,Vernon County,9018
1590, MO,Warren County,17352
1591, MO,Washington County,9759
1592, MO,Wayne County,5011
1593, MO,Webster County,16613
1594, MO,Worth County,1125
1595, MO,Wright County,7034
1596, MO,St. Louis city,150802
1597, MT,Beaverhead County,4909
1598, MT,Big Horn County,4417
1599, MT,Blaine County,2219
1600, MT,Broadwater County,2574
1601, MT,Carbon County,5327
1602, MT,Carter County,684
1603, MT,Cascade County,36992
1604, MT,Chouteau County,2497
1605, MT,Custer County,5780
1606, MT,Daniels County,866
1607, MT,Dawson County,4523
1608, MT,Deer Lodge County,4880
1609, MT,Fallon County,1633
1610, MT,Fergus County,5577
1611, MT,Flathead County,46497
1612, MT,Gallatin County,67329
1613, MT,Garfield County,747
1614, MT,Glacier County,5086
1615, MT,Golden Valley County,358
1616, MT,Granite County,1574
1617, MT,Hill County,7304
1618, MT,Jefferson County,5478
1619, MT,Judith Basin County,947
1620, MT,Lake County,12770
1621, MT,Lewis and Clark County,34596
1622, MT,Liberty County,989
1623, MT,Lincoln County,7578
1624, MT,McCone County,971
1625, MT,Madison County,4853
1626, MT,Meagher County,1016
1627, MT,Mineral County,1594
1628, MT,Missoula County,62544
1629, MT,Musselshell County,2120
1630, MT,Park County,8571
1631, MT,Petroleum County,279
1632, MT,Phillips County,1916
1633, MT,Pondera County,2622
1634, MT,Powder River County,921
1635, MT,Powell County,2810
1636, MT,Prairie County,477
1637, MT,Ravalli County,19410
1638, MT,Richland County,5626
1639, MT,Roosevelt County,4252
1640, MT,Rosebud County,3618
1641, MT,Sanders County,4521
1642, MT,Sheridan County,1672
1643, MT,Silver Bow County,16531
1644, MT,Stillwater County,4929
1645, MT,Sweet Grass County,1742
1646, MT,Teton County,2640
1647, MT,Toole County,2038
1648, MT,Treasure County,341
1649, MT,Valley County,3878
1650, MT,Wheatland County,783
1651, MT,Wibaux County,431
1652, MT,Yellowstone County,78654
1653, NE,Adams County,16062
1654, NE,Antelope County,3455
1655, NE,Arthur County,220
1656, NE,Banner County,374
1657, NE,Blaine County,253
1658, NE,Boone County,2931
1659, NE,Box Butte County,5177
1660, NE,Boyd County,1064
1661, NE,Brown County,1356
1662, NE,Buffalo County,27240
1663, NE,Burt County,3396
1664, NE,Butler County,4563
1665, NE,Cass County,13358
1666, NE,Cedar County,4485
1667, NE,Chase County,2265
1668, NE,Cherry County,3363
1669, NE,Cheyenne County,4200
1670, NE,Clay County,3182
1671, NE,Colfax County,5404
1672, NE,Cuming County,4616
1673, NE,Custer County,6387
1674, NE,Dakota County,10480
1675, NE,Dawes County,4792
1676, NE,Dawson County,12686
1677, NE,Deuel County,946
1678, NE,Dixon County,3016
1679, NE,Dodge County,19752
1680, NE,Douglas County,294887
1681, NE,Dundy County,1187
1682, NE,Fillmore County,3098
1683, NE,Franklin County,1440
1684, NE,Frontier County,1590
1685, NE,Furnas County,2535
1686, NE,Gage County,10537
1687, NE,Garden County,1114
1688, NE,Garfield County,1137
1689, NE,Gosper County,1103
1690, NE,Grant County,421
1691, NE,Greeley County,1213
1692, NE,Hall County,30707
1693, NE,Hamilton County,4621
1694, NE,Harlan County,1723
1695, NE,Hayes County,609
1696, NE,Hitchcock County,1228
1697, NE,Holt County,5678
1698, NE,Hooker County,367
1699, NE,Howard County,3252
1700, NE,Jefferson County,4099
1701, NE,Johnson County,1997
1702, NE,Kearney County,3720
1703, NE,Keith County,4436
1704, NE,Keya Paha County,605
1705, NE,Kimball County,1945
1706, NE,Knox County,4549
1707, NE,Lancaster County,173025
1708, NE,Lincoln County,17582
1709, NE,Logan County,478
1710, NE,Loup County,405
1711, NE,McPherson County,430
1712, NE,Madison County,19031
1713, NE,Merrick County,3987
1714, NE,Morrill County,2573
1715, NE,Nance County,1956
1716, NE,Nemaha County,3456
1717, NE,Nuckolls County,2365
1718, NE,Otoe County,8096
1719, NE,Pawnee County,1471
1720, NE,Perkins County,1798
1721, NE,Phelps County,4890
1722, NE,Pierce County,3990
1723, NE,Platte County,17079
1724, NE,Polk County,2908
1725, NE,Red Willow County,5707
1726, NE,Richardson County,4087
1727, NE,Rock County,873
1728, NE,Saline County,7187
1729, NE,Sarpy County,94747
1730, NE,Saunders County,11062
1731, NE,Scotts Bluff County,17574
1732, NE,Seward County,8766
1733, NE,Sheridan County,2639
1734, NE,Sherman County,1665
1735, NE,Sioux County,746
1736, NE,Stanton County,3422
1737, NE,Thayer County,2748
1738, NE,Thomas County,416
1739, NE,Thurston County,2921
1740, NE,Valley County,2078
1741, NE,Washington County,11301
1742, NE,Wayne County,5799
1743, NE,Webster County,1639
1744, NE,Wheeler County,609
1745, NE,York County,7104
1746, NV,Churchill County,10669
1747, NV,Clark County,1101095
1748, NV,Douglas County,22411
1749, NV,Elko County,26120
1750, NV,Esmeralda County,386
1751, NV,Eureka County,1032
1752, NV,Humboldt County,7955
1753, NV,Lander County,3096
1754, NV,Lincoln County,2021
1755, NV,Lyon County,22555
1756, NV,Mineral County,1910
1757, NV,Nye County,16718
1758, NV,Pershing County,2451
1759, NV,Storey County,2096
1760, NV,Washoe County,263080
1761, NV,White Pine County,4281
1762, NV,Carson City,25916
1763, NH,Belknap County,30416
1764, NH,Carroll County,22893
1765, NH,Cheshire County,40693
1766, NH,Coos County,14477
1767, NH,Grafton County,50107
1768, NH,Hillsborough County,237389
1769, NH,Merrimack County,82673
1770, NH,Rockingham County,184014
1771, NH,Strafford County,73309
1772, NH,Sullivan County,22823
1773, NJ,Atlantic County,116758
1774, NJ,Bergen County,478759
1775, NJ,Burlington County,226262
1776, NJ,Camden County,246504
1777, NJ,Cape May County,40678
1778, NJ,Cumberland County,63440
1779, NJ,Essex County,360648
1780, NJ,Gloucester County,145732
1781, NJ,Hudson County,361202
1782, NJ,Hunterdon County,63552
1783, NJ,Mercer County,200165
1784, NJ,Middlesex County,434945
1785, NJ,Monmouth County,322775
1786, NJ,Morris County,255393
1787, NJ,Ocean County,264976
1788, NJ,Passaic County,238465
1789, NJ,Salem County,28639
1790, NJ,Somerset County,170452
1791, NJ,Sussex County,72678
1792, NJ,Union County,272402
1793, NJ,Warren County,55730
1794, NM,Bernalillo County,324756
1795, NM,Catron County,1065
1796, NM,Chaves County,26281
1797, NM,Cibola County,8592
1798, NM,Colfax County,5086
1799, NM,Curry County,21267
1800, NM,De Baca County,778
1801, NM,Dona Ana County,94907
1802, NM,Eddy County,35265
1803, NM,Grant County,12070
1804, NM,Guadalupe County,1477
1805, NM,Harding County,268
1806, NM,Hidalgo County,1943
1807, NM,Lea County,31509
1808, NM,Lincoln County,8579
1809, NM,Los Alamos County,9294
1810, NM,Luna County,8443
1811, NM,McKinley County,23068
1812, NM,Mora County,2118
1813, NM,Otero County,24150
1814, NM,Quay County,3125
1815, NM,Rio Arriba County,16008
1816, NM,Roosevelt County,7553
1817, NM,Sandoval County,63393
1818, NM,San Juan County,50538
1819, NM,San Miguel County,10151
1820, NM,Santa Fe County,72308
1821, NM,Sierra County,3708
1822, NM,Socorro County,6149
1823, NM,Taos County,14990
1824, NM,Torrance County,5453
1825, NM,Union County,1735
1826, NM,Valencia County,29416
1827, NY,Albany County,153118
1828, NY,Allegany County,18364
1829, NY,Bronx County,565319
1830, NY,Broome County,79431
1831, NY,Cattaraugus County,32464
1832, NY,Cayuga County,34018
1833, NY,Chautauqua County,51532
1834, NY,Chemung County,33345
1835, NY,Chenango County,21021
1836, NY,Clinton County,35115
1837, NY,Columbia County,30555
1838, NY,Cortland County,22011
1839, NY,Delaware County,18057
1840, NY,Dutchess County,138882
1841, NY,Erie County,421654
1842, NY,Essex County,16032
1843, NY,Franklin County,18585
1844, NY,Fulton County,21481
1845, NY,Genesee County,28365
1846, NY,Greene County,20149
1847, NY,Hamilton County,1968
1848, NY,Herkimer County,26340
1849, NY,Jefferson County,41496
1850, NY,Kings County,1146940
1851, NY,Lewis County,11060
1852, NY,Livingston County,29686
1853, NY,Madison County,31446
1854, NY,Monroe County,347778
1855, NY,Montgomery County,21381
1856, NY,Nassau County,681628
1857, NY,New York County,874847
1858, NY,Niagara County,93551
1859, NY,Oneida County,96026
1860, NY,Onondaga County,213668
1861, NY,Ontario County,53156
1862, NY,Orange County,174465
1863, NY,Orleans County,16911
1864, NY,Oswego County,50384
1865, NY,Otsego County,26360
1866, NY,Putnam County,49231
1867, NY,Queens County,1107673
1868, NY,Rensselaer County,78272
1869, NY,Richmond County,209282
1870, NY,Rockland County,148022
1871, NY,St. Lawrence County,41381
1872, NY,Saratoga County,114920
1873, NY,Schenectady County,73298
1874, NY,Schoharie County,14147
1875, NY,Schuyler County,7622
1876, NY,Seneca County,15408
1877, NY,Steuben County,40254
1878, NY,Suffolk County,747013
1879, NY,Sullivan County,35453
1880, NY,Tioga County,21529
1881, NY,Tompkins County,50397
1882, NY,Ulster County,85360
1883, NY,Warren County,29114
1884, NY,Washington County,26191
1885, NY,Wayne County,42351
1886, NY,Westchester County,462480
1887, NY,Wyoming County,17213
1888, NY,Yates County,11498
1889, NC,Alamance County,79285
1890, NC,Alexander County,17641
1891, NC,Alleghany County,4180
1892, NC,Anson County,10137
1893, NC,Ashe County,12567
1894, NC,Avery County,6845
1895, NC,Beaufort County,18902
1896, NC,Bertie County,7503
1897, NC,Bladen County,14270
1898, NC,Brunswick County,51264
1899, NC,Buncombe County,141356
1900, NC,Burke County,39533
1901, NC,Cabarrus County,106428
1902, NC,Caldwell County,35537
1903, NC,Camden County,4470
1904, NC,Carteret County,30277
1905, NC,Caswell County,9555
1906, NC,Catawba County,76626
1907, NC,Chatham County,34233
1908, NC,Cherokee County,10641
1909, NC,Chowan County,5450
1910, NC,Clay County,3938
1911, NC,Cleveland County,47231
1912, NC,Columbus County,21509
1913, NC,Craven County,40413
1914, NC,Cumberland County,123498
1915, NC,Currituck County,13241
1916, NC,Dare County,16987
1917, NC,Davidson County,79198
1918, NC,Davie County,20302
1919, NC,Duplin County,24904
1920, NC,Durham County,164315
1921, NC,Edgecombe County,20597
1922, NC,Forsyth County,183481
1923, NC,Franklin County,30384
1924, NC,Gaston County,109018
1925, NC,Gates County,5146
1926, NC,Graham County,2913
1927, NC,Granville County,29162
1928, NC,Greene County,9360
1929, NC,Guilford County,253761
1930, NC,Halifax County,19648
1931, NC,Harnett County,51569
1932, NC,Haywood County,29769
1933, NC,Henderson County,55164
1934, NC,Hertford County,8823
1935, NC,Hoke County,19295
1936, NC,Hyde County,1785
1937, NC,Iredell County,87865
1938, NC,Jackson County,18838
1939, NC,Johnston County,95832
1940, NC,Jones County,4310
1941, NC,Lee County,25197
1942, NC,Lenoir County,27465
1943, NC,Lincoln County,42717
1944, NC,McDowell County,19838
1945, NC,Macon County,15129
1946, NC,Madison County,10228
1947, NC,Martin County,8628
1948, NC,Mecklenburg County,609554
1949, NC,Mitchell County,5594
1950, NC,Montgomery County,11208
1951, NC,Moore County,41069
1952, NC,Nash County,41720
1953, NC,New Hanover County,121650
1954, NC,Northampton County,7500
1955, NC,Onslow County,62017
1956, NC,Orange County,76606
1957, NC,Pamlico County,5224
1958, NC,Pasquotank County,16152
1959, NC,Pender County,28380
1960, NC,Perquimans County,4831
1961, NC,Person County,17824
1962, NC,Pitt County,87587
1963, NC,Polk County,8844
1964, NC,Randolph County,65173
1965, NC,Richmond County,15889
1966, NC,Robeson County,48544
1967, NC,Rockingham County,39354
1968, NC,Rowan County,65502
1969, NC,Rutherford County,24165
1970, NC,Sampson County,29197
1971, NC,Scotland County,11009
1972, NC,Stanly County,31776
1973, NC,Stokes County,21565
1974, NC,Surry County,33156
1975, NC,Swain County,6119
1976, NC,Transylvania County,14145
1977, NC,Tyrrell County,1266
1978, NC,Union County,121409
1979, NC,Vance County,16706
1980, NC,Wake County,582979
1981, NC,Warren County,6315
1982, NC,Washington County,4146
1983, NC,Watauga County,28775
1984, NC,Wayne County,51107
1985, NC,Wilkes County,28252
1986, NC,Wilson County,32937
1987, NC,Yadkin County,17682
1988, NC,Yancey County,8295
1989, ND,Adams County,989
1990, ND,Barnes County,5132
1991, ND,Benson County,2063
1992, ND,Billings County,339
1993, ND,Bottineau County,2726
1994, ND,Bowman County,1531
1995, ND,Burke County,1037
1996, ND,Burleigh County,47726
1997, ND,Cass County,99079
1998, ND,Cavalier County,1818
1999, ND,Dickey County,2153
2000, ND,Divide County,1472
2001, ND,Dunn County,2870
2002, ND,Eddy County,1187
2003, ND,Emmons County,1335
2004, ND,Foster County,1510
2005, ND,Golden Valley County,845
2006, ND,Grand Forks County,36929
2007, ND,Grant County,1090
2008, ND,Griggs County,971
2009, ND,Hettinger County,1287
2010, ND,Kidder County,1212
2011, ND,LaMoure County,1995
2012, ND,Logan County,838
2013, ND,McHenry County,2994
2014, ND,McIntosh County,1077
2015, ND,McKenzie County,10201
2016, ND,McLean County,4437
2017, ND,Mercer County,3225
2018, ND,Morton County,15479
2019, ND,Mountrail County,7046
2020, ND,Nelson County,1305
2021, ND,Oliver County,815
2022, ND,Pembina County,3094
2023, ND,Pierce County,1677
2024, ND,Ramsey County,5082
2025, ND,Ransom County,2770
2026, ND,Renville County,1173
2027, ND,Richland County,8401
2028, ND,Rolette County,4172
2029, ND,Sargent County,2703
2030, ND,Sheridan County,631
2031, ND,Sioux County,1182
2032, ND,Slope County,349
2033, ND,Stark County,17419
2034, ND,Steele County,933
2035, ND,Stutsman County,9799
2036, ND,Towner County,1057
2037, ND,Traill County,4279
2038, ND,Walsh County,4935
2039, ND,Ward County,30424
2040, ND,Wells County,1828
2041, ND,Williams County,25393
2042, OH,Adams County,9908
2043, OH,Allen County,46427
2044, OH,Ashland County,25193
2045, OH,Ashtabula County,41873
2046, OH,Athens County,26730
2047, OH,Auglaize County,24175
2048, OH,Belmont County,29854
2049, OH,Brown County,19112
2050, OH,Butler County,192552
2051, OH,Carroll County,12537
2052, OH,Champaign County,19284
2053, OH,Clark County,61329
2054, OH,Clermont County,105259
2055, OH,Clinton County,17122
2056, OH,Columbiana County,44998
2057, OH,Coshocton County,13158
2058, OH,Crawford County,17427
2059, OH,Cuyahoga County,587552
2060, OH,Darke County,24639
2061, OH,Defiance County,17294
2062, OH,Delaware County,107296
2063, OH,Erie County,33529
2064, OH,Fairfield County,76497
2065, OH,Fayette County,13489
2066, OH,Franklin County,681227
2067, OH,Fulton County,21469
2068, OH,Gallia County,11357
2069, OH,Geauga County,47152
2070, OH,Greene County,80448
2071, OH,Guernsey County,17259
2072, OH,Hamilton County,411056
2073, OH,Hancock County,40152
2074, OH,Hardin County,13116
2075, OH,Harrison County,6303
2076, OH,Henry County,12530
2077, OH,Highland County,16058
2078, OH,Hocking County,12844
2079, OH,Holmes County,19970
2080, OH,Huron County,25728
2081, OH,Jackson County,11753
2082, OH,Jefferson County,25750
2083, OH,Knox County,30135
2084, OH,Lake County,121066
2085, OH,Lawrence County,22569
2086, OH,Licking County,88138
2087, OH,Logan County,21909
2088, OH,Lorain County,145894
2089, OH,Lucas County,200765
2090, OH,Madison County,20376
2091, OH,Mahoning County,96085
2092, OH,Marion County,27072
2093, OH,Medina County,93477
2094, OH,Meigs County,8273
2095, OH,Mercer County,22519
2096, OH,Miami County,52182
2097, OH,Monroe County,4886
2098, OH,Montgomery County,244542
2099, OH,Morgan County,6121
2100, OH,Morrow County,16457
2101, OH,Muskingum County,37727
2102, OH,Noble County,4287
2103, OH,Ottawa County,18729
2104, OH,Paulding County,8195
2105, OH,Perry County,15457
2106, OH,Pickaway County,25902
2107, OH,Pike County,9992
2108, OH,Portage County,83102
2109, OH,Preble County,20429
2110, OH,Putnam County,18110
2111, OH,Richland County,51108
2112, OH,Ross County,33937
2113, OH,Sandusky County,28743
2114, OH,Scioto County,27170
2115, OH,Seneca County,25913
2116, OH,Shelby County,23057
2117, OH,Stark County,179317
2118, OH,Summit County,259864
2119, OH,Trumbull County,81182
2120, OH,Tuscarawas County,42663
2121, OH,Union County,28128
2122, OH,Van Wert County,14453
2123, OH,Vinton County,5186
2124, OH,Warren County,116776
2125, OH,Washington County,25761
2126, OH,Wayne County,59887
2127, OH,Williams County,18273
2128, OH,Wood County,68378
2129, OH,Wyandot County,12530
2130, OK,Adair County,7663
2131, OK,Alfalfa County,2748
2132, OK,Atoka County,4742
2133, OK,Beaver County,2811
2134, OK,Beckham County,9506
2135, OK,Blaine County,4554
2136, OK,Bryan County,20786
2137, OK,Caddo County,11244
2138, OK,Canadian County,70057
2139, OK,Carter County,20797
2140, OK,Cherokee County,17728
2141, OK,Choctaw County,5104
2142, OK,Cimarron County,1266
2143, OK,Cleveland County,138293
2144, OK,Coal County,2332
2145, OK,Comanche County,46590
2146, OK,Cotton County,2618
2147, OK,Craig County,5648
2148, OK,Creek County,30068
2149, OK,Custer County,15351
2150, OK,Delaware County,17182
2151, OK,Dewey County,2799
2152, OK,Ellis County,2040
2153, OK,Garfield County,25630
2154, OK,Garvin County,12065
2155, OK,Grady County,25369
2156, OK,Grant County,2524
2157, OK,Greer County,1717
2158, OK,Harmon County,1112
2159, OK,Harper County,1670
2160, OK,Haskell County,3937
2161, OK,Hughes County,5051
2162, OK,Jackson County,10410
2163, OK,Jefferson County,2417
2164, OK,Johnston County,5034
2165, OK,Kay County,17460
2166, OK,Kingfisher County,8848
2167, OK,Kiowa County,3306
2168, OK,Latimer County,2910
2169, OK,Le Flore County,17885
2170, OK,Lincoln County,15298
2171, OK,Logan County,21240
2172, OK,Love County,5995
2173, OK,McClain County,18751
2174, OK,McCurtain County,13630
2175, OK,McIntosh County,6635
2176, OK,Major County,3690
2177, OK,Marshall County,6584
2178, OK,Mayes County,18691
2179, OK,Murray County,6097
2180, OK,Muskogee County,28740
2181, OK,Noble County,5475
2182, OK,Nowata County,4439
2183, OK,Okfuskee County,4330
2184, OK,Oklahoma County,371639
2185, OK,Okmulgee County,14946
2186, OK,Osage County,19722
2187, OK,Ottawa County,13539
2188, OK,Pawnee County,6990
2189, OK,Payne County,36654
2190, OK,Pittsburg County,16272
2191, OK,Pontotoc County,18803
2192, OK,Pottawatomie County,31363
2193, OK,Pushmataha County,3995
2194, OK,Roger Mills County,1756
2195, OK,Rogers County,42943
2196, OK,Seminole County,9060
2197, OK,Sequoyah County,15378
2198, OK,Stephens County,17602
2199, OK,Texas County,8543
2200, OK,Tillman County,2857
2201, OK,Tulsa County,308108
2202, OK,Wagoner County,35643
2203, OK,Washington County,21385
2204, OK,Washita County,4945
2205, OK,Woods County,4521
2206, OK,Woodward County,8544
2207, OR,Baker County,6533
2208, OR,Benton County,47623
2209, OR,Clackamas County,214219
2210, OR,Clatsop County,18048
2211, OR,Columbia County,23578
2212, OR,Coos County,25060
2213, OR,Crook County,9008
2214, OR,Curry County,8214
2215, OR,Deschutes County,93204
2216, OR,Douglas County,43819
2217, OR,Gilliam County,968
2218, OR,Grant County,2839
2219, OR,Harney County,3205
2220, OR,Hood River County,13474
2221, OR,Jackson County,101716
2222, OR,Jefferson County,9435
2223, OR,Josephine County,34369
2224, OR,Klamath County,26386
2225, OR,Lake County,3136
2226, OR,Lane County,174634
2227, OR,Lincoln County,19335
2228, OR,Linn County,56244
2229, OR,Malheur County,11702
2230, OR,Marion County,154272
2231, OR,Morrow County,5371
2232, OR,Multnomah County,448392
2233, OR,Polk County,38018
2234, OR,Sherman County,898
2235, OR,Tillamook County,11132
2236, OR,Umatilla County,34301
2237, OR,Union County,11252
2238, OR,Wallowa County,2999
2239, OR,Wasco County,11847
2240, OR,Washington County,317479
2241, OR,Wheeler County,651
2242, OR,Yamhill County,53039
2243, PA,Adams County,53164
2244, PA,Allegheny County,624133
2245, PA,Armstrong County,30793
2246, PA,Beaver County,80878
2247, PA,Bedford County,22633
2248, PA,Berks County,207479
2249, PA,Blair County,57392
2250, PA,Bradford County,27733
2251, PA,Bucks County,333730
2252, PA,Butler County,95512
2253, PA,Cambria County,56060
2254, PA,Cameron County,1927
2255, PA,Carbon County,30501
2256, PA,Centre County,80116
2257, PA,Chester County,276982
2258, PA,Clarion County,16596
2259, PA,Clearfield County,34437
2260, PA,Clinton County,17759
2261, PA,Columbia County,32072
2262, PA,Crawford County,37349
2263, PA,Cumberland County,127093
2264, PA,Dauphin County,137858
2265, PA,Delaware County,290760
2266, PA,Elk County,14714
2267, PA,Erie County,123763
2268, PA,Fayette County,54204
2269, PA,Forest County,1681
2270, PA,Franklin County,77138
2271, PA,Fulton County,7760
2272, PA,Greene County,15853
2273, PA,Huntingdon County,18862
2274, PA,Indiana County,37484
2275, PA,Jefferson County,19607
2276, PA,Juniata County,12095
2277, PA,Lackawanna County,100656
2278, PA,Lancaster County,273773
2279, PA,Lawrence County,38759
2280, PA,Lebanon County,70074
2281, PA,Lehigh County,184896
2282, PA,Luzerne County,149500
2283, PA,Lycoming County,54357
2284, PA,McKean County,17175
2285, PA,Mercer County,46774
2286, PA,Mifflin County,20115
2287, PA,Monroe County,79149
2288, PA,Montgomery County,441064
2289, PA,Montour County,8778
2290, PA,Northampton County,154793
2291, PA,Northumberland County,40119
2292, PA,Perry County,23597
2293, PA,Philadelphia County/city,692647
2294, PA,Pike County,23751
2295, PA,Potter County,6914
2296, PA,Schuylkill County,63337
2297, PA,Snyder County,19437
2298, PA,Somerset County,32146
2299, PA,Sullivan County,2619
2300, PA,Susquehanna County,19779
2301, PA,Tioga County,18191
2302, PA,Union County,19080
2303, PA,Venango County,21100
2304, PA,Warren County,18215
2305, PA,Washington County,102261
2306, PA,Wayne County,21338
2307, PA,Westmoreland County,174036
2308, PA,Wyoming County,13164
2309, PA,York County,227087
2310, RI,Bristol County,25711
2311, RI,Kent County,88967
2312, RI,Newport County,43981
2313, RI,Providence County,317818
2314, RI,Washington County,67473
2315, SC,Abbeville County,10049
2316, SC,Aiken County,73420
2317, SC,Allendale County,2694
2318, SC,Anderson County,88954
2319, SC,Bamberg County,4819
2320, SC,Barnwell County,8267
2321, SC,Beaufort County,75678
2322, SC,Berkeley County,101203
2323, SC,Calhoun County,6534
2324, SC,Charleston County,207060
2325, SC,Cherokee County,25461
2326, SC,Chester County,13235
2327, SC,Chesterfield County,22095
2328, SC,Clarendon County,12457
2329, SC,Colleton County,16762
2330, SC,Darlington County,29633
2331, SC,Dillon County,12594
2332, SC,Dorchester County,75148
2333, SC,Edgefield County,10459
2334, SC,Fairfield County,9399
2335, SC,Florence County,65266
2336, SC,Georgetown County,25604
2337, SC,Greenville County,247793
2338, SC,Greenwood County,31040
2339, SC,Hampton County,8252
2340, SC,Horry County,143756
2341, SC,Jasper County,12268
2342, SC,Kershaw County,28556
2343, SC,Lancaster County,39762
2344, SC,Laurens County,29556
2345, SC,Lee County,6519
2346, SC,Lexington County,146400
2347, SC,McCormick County,3427
2348, SC,Marion County,12713
2349, SC,Marlboro County,9066
2350, SC,Newberry County,18739
2351, SC,Oconee County,35294
2352, SC,Orangeburg County,33775
2353, SC,Pickens County,55804
2354, SC,Richland County,194516
2355, SC,Saluda County,8758
2356, SC,Spartanburg County,149490
2357, SC,Sumter County,43265
2358, SC,Union County,11581
2359, SC,Williamsburg County,12142
2360, SC,York County,136182
2361, SD,Aurora County,1519
2362, SD,Beadle County,9352
2363, SD,Bennett County,1041
2364, SD,Bon Homme County,2785
2365, SD,Brookings County,18830
2366, SD,Brown County,20292
2367, SD,Brule County,2399
2368, SD,Buffalo County,647
2369, SD,Butte County,4874
2370, SD,Campbell County,750
2371, SD,Charles Mix County,3589
2372, SD,Clark County,1855
2373, SD,Clay County,7297
2374, SD,Codington County,15072
2375, SD,Corson County,1317
2376, SD,Custer County,3865
2377, SD,Davison County,10811
2378, SD,Day County,2612
2379, SD,Deuel County,2033
2380, SD,Dewey County,2067
2381, SD,Douglas County,1556
2382, SD,Edmunds County,2028
2383, SD,Fall River County,2783
2384, SD,Faulk County,1057
2385, SD,Grant County,4342
2386, SD,Gregory County,2066
2387, SD,Haakon County,1034
2388, SD,Hamlin County,3233
2389, SD,Hand County,1802
2390, SD,Hanson County,1703
2391, SD,Harding County,725
2392, SD,Hughes County,9774
2393, SD,Hutchinson County,3485
2394, SD,Hyde County,668
2395, SD,Jackson County,1198
2396, SD,Jerauld County,1075
2397, SD,Jones County,511
2398, SD,Kingsbury County,2622
2399, SD,Lake County,6488
2400, SD,Lawrence County,12762
2401, SD,Lincoln County,33803
2402, SD,Lyman County,1638
2403, SD,McCook County,3077
2404, SD,McPherson County,972
2405, SD,Marshall County,2296
2406, SD,Meade County,13653
2407, SD,Mellette County,719
2408, SD,Miner County,1156
2409, SD,Minnehaha County,111829
2410, SD,Moody County,3937
2411, SD,Oglala Lakota County,3220
2412, SD,Pennington County,54672
2413, SD,Perkins County,1404
2414, SD,Potter County,1018
2415, SD,Roberts County,4609
2416, SD,Sanborn County,1125
2417, SD,Spink County,3104
2418, SD,Stanley County,1794
2419, SD,Sully County,792
2420, SD,Todd County,2994
2421, SD,Tripp County,3039
2422, SD,Turner County,4663
2423, SD,Union County,8021
2424, SD,Walworth County,1984
2425, SD,Yankton County,11657
2426, SD,Ziebach County,904
2427, TN,Anderson County,34284
2428, TN,Bedford County,20179
2429, TN,Benton County,6652
2430, TN,Bledsoe County,4151
2431, TN,Blount County,62633
2432, TN,Bradley County,50779
2433, TN,Campbell County,14597
2434, TN,Cannon County,6470
2435, TN,Carroll County,11612
2436, TN,Carter County,23775
2437, TN,Cheatham County,21848
2438, TN,Chester County,8462
2439, TN,Claiborne County,13035
2440, TN,Clay County,2532
2441, TN,Cocke County,14453
2442, TN,Coffee County,25886
2443, TN,Crockett County,7054
2444, TN,Cumberland County,22778
2445, TN,Davidson County,404751
2446, TN,Decatur County,4612
2447, TN,DeKalb County,7505
2448, TN,Dickson County,26705
2449, TN,Dyer County,15900
2450, TN,Fayette County,18684
2451, TN,Fentress County,6966
2452, TN,Franklin County,19915
2453, TN,Gibson County,20958
2454, TN,Giles County,14785
2455, TN,Grainger County,9399
2456, TN,Greene County,29005
2457, TN,Grundy County,4858
2458, TN,Hamblen County,27453
2459, TN,Hamilton County,178867
2460, TN,Hancock County,1986
2461, TN,Hardeman County,8964
2462, TN,Hardin County,10269
2463, TN,Hawkins County,23776
2464, TN,Haywood County,7474
2465, TN,Henderson County,11774
2466, TN,Henry County,14145
2467, TN,Hickman County,11315
2468, TN,Houston County,3135
2469, TN,Humphreys County,8670
2470, TN,Jackson County,4562
2471, TN,Jefferson County,24038
2472, TN,Johnson County,7628
2473, TN,Knox County,242138
2474, TN,Lake County,1666
2475, TN,Lauderdale County,9284
2476, TN,Lawrence County,18298
2477, TN,Lewis County,5024
2478, TN,Lincoln County,15266
2479, TN,Loudon County,22972
2480, TN,McMinn County,22792
2481, TN,McNairy County,8307
2482, TN,Macon County,11176
2483, TN,Madison County,48834
2484, TN,Marion County,12044
2485, TN,Marshall County,15146
2486, TN,Maury County,48186
2487, TN,Meigs County,5095
2488, TN,Monroe County,19835
2489, TN,Montgomery County,84232
2490, TN,Moore County,3639
2491, TN,Morgan County,7817
2492, TN,Obion County,11981
2493, TN,Overton County,10008
2494, TN,Perry County,3008
2495, TN,Pickett County,2345
2496, TN,Polk County,7310
2497, TN,Putnam County,34472
2498, TN,Rhea County,12525
2499, TN,Roane County,23088
2500, TN,Robertson County,37594
2501, TN,Rutherford County,180363
2502, TN,Scott County,8355
2503, TN,Sequatchie County,5952
2504, TN,Sevier County,53609
2505, TN,Shelby County,437749
2506, TN,Smith County,9297
2507, TN,Stewart County,5024
2508, TN,Sullivan County,70477
2509, TN,Sumner County,100561
2510, TN,Tipton County,27608
2511, TN,Trousdale County,4961
2512, TN,Unicoi County,6964
2513, TN,Union County,7429
2514, TN,Van Buren County,1977
2515, TN,Warren County,16017
2516, TN,Washington County,59726
2517, TN,Wayne County,5921
2518, TN,Weakley County,16214
2519, TN,White County,11826
2520, TN,Williamson County,125862
2521, TN,Wilson County,74536
2522, TX,Anderson County,23053
2523, TX,Andrews County,9842
2524, TX,Angelina County,34141
2525, TX,Aransas County,9834
2526, TX,Archer County,4070
2527, TX,Armstrong County,906
2528, TX,Atascosa County,21134
2529, TX,Austin County,13964
2530, TX,Bailey County,2417
2531, TX,Bandera County,9893
2532, TX,Bastrop County,41569
2533, TX,Baylor County,1648
2534, TX,Bee County,9314
2535, TX,Bell County,140868
2536, TX,Bexar County,942491
2537, TX,Blanco County,6294
2538, TX,Borden County,363
2539, TX,Bosque County,7894
2540, TX,Bowie County,38133
2541, TX,Brazoria County,174228
2542, TX,Brazos County,117722
2543, TX,Brewster County,4033
2544, TX,Briscoe County,552
2545, TX,Brooks County,2431
2546, TX,Brown County,15205
2547, TX,Burleson County,8198
2548, TX,Burnet County,22849
2549, TX,Caldwell County,19082
2550, TX,Calhoun County,12055
2551, TX,Callahan County,5866
2552, TX,Cameron County,156353
2553, TX,Camp County,4681
2554, TX,Carson County,2972
2555, TX,Cass County,11969
2556, TX,Castro County,3322
2557, TX,Chambers County,18788
2558, TX,Cherokee County,20331
2559, TX,Childress County,2893
2560, TX,Clay County,4805
2561, TX,Cochran County,1079
2562, TX,Coke County,1399
2563, TX,Coleman County,2748
2564, TX,Collin County,554545
2565, TX,Collingsworth County,1119
2566, TX,Colorado County,9374
2567, TX,Comal County,70230
2568, TX,Comanche County,5293
2569, TX,Concho County,1032
2570, TX,Cooke County,19604
2571, TX,Coryell County,24150
2572, TX,Cottle County,543
2573, TX,Crane County,1678
2574, TX,Crockett County,1564
2575, TX,Crosby County,2476
2576, TX,Culberson County,989
2577, TX,Dallam County,3770
2578, TX,Dallas County,1375901
2579, TX,Dawson County,4472
2580, TX,Deaf Smith County,8189
2581, TX,Delta County,2364
2582, TX,Denton County,491730
2583, TX,DeWitt County,9330
2584, TX,Dickens County,626
2585, TX,Dimmit County,7964
2586, TX,Donley County,1436
2587, TX,Duval County,4883
2588, TX,Eastland County,9295
2589, TX,Ector County,84900
2590, TX,Edwards County,932
2591, TX,Ellis County,91412
2592, TX,El Paso County,352102
2593, TX,Erath County,20722
2594, TX,Falls County,6498
2595, TX,Fannin County,17013
2596, TX,Fayette County,12053
2597, TX,Fisher County,1561
2598, TX,Floyd County,2411
2599, TX,Foard County,550
2600, TX,Fort Bend County,380308
2601, TX,Franklin County,4352
2602, TX,Freestone County,5842
2603, TX,Frio County,10606
2604, TX,Gaines County,9444
2605, TX,Galveston County,162887
2606, TX,Garza County,2085
2607, TX,Gillespie County,13276
2608, TX,Glasscock County,817
2609, TX,Goliad County,3175
2610, TX,Gonzales County,9303
2611, TX,Gray County,7603
2612, TX,Grayson County,63035
2613, TX,Gregg County,55013
2614, TX,Grimes County,10926
2615, TX,Guadalupe County,80140
2616, TX,Hale County,11624
2617, TX,Hall County,1030
2618, TX,Hamilton County,3633
2619, TX,Hansford County,2697
2620, TX,Hardeman County,1632
2621, TX,Hardin County,24476
2622, TX,Harris County,2283355
2623, TX,Harrison County,27858
2624, TX,Hartley County,2695
2625, TX,Haskell County,2195
2626, TX,Hays County,115192
2627, TX,Hemphill County,2047
2628, TX,Henderson County,35292
2629, TX,Hidalgo County,337204
2630, TX,Hill County,15725
2631, TX,Hockley County,11032
2632, TX,Hood County,26331
2633, TX,Hopkins County,17151
2634, TX,Houston County,9868
2635, TX,Howard County,13806
2636, TX,Hudspeth County,1615
2637, TX,Hunt County,42825
2638, TX,Hutchinson County,8349
2639, TX,Irion County,750
2640, TX,Jack County,3916
2641, TX,Jackson County,7269
2642, TX,Jasper County,12051
2643, TX,Jeff Davis County,996
2644, TX,Jefferson County,102713
2645, TX,Jim Hogg County,1795
2646, TX,Jim Wells County,16671
2647, TX,Johnson County,79807
2648, TX,Jones County,5487
2649, TX,Karnes County,7051
2650, TX,Kaufman County,62822
2651, TX,Kendall County,21530
2652, TX,Kenedy County,235
2653, TX,Kent County,440
2654, TX,Kerr County,21561
2655, TX,Kimble County,1811
2656, TX,King County,219
2657, TX,Kinney County,1271
2658, TX,Kleberg County,12764
2659, TX,Knox County,1371
2660, TX,Lamar County,23035
2661, TX,Lamb County,4980
2662, TX,Lampasas County,9169
2663, TX,La Salle County,4608
2664, TX,Lavaca County,8223
2665, TX,Lee County,9855
2666, TX,Leon County,6081
2667, TX,Liberty County,31493
2668, TX,Limestone County,7996
2669, TX,Lipscomb County,1592
2670, TX,Live Oak County,5320
2671, TX,Llano County,8144
2672, TX,Loving County,100
2673, TX,Lubbock County,155280
2674, TX,Lynn County,2715
2675, TX,McCulloch County,3492
2676, TX,McLennan County,116301
2677, TX,McMullen County,734
2678, TX,Madison County,4353
2679, TX,Marion County,3979
2680, TX,Martin County,2798
2681, TX,Mason County,1666
2682, TX,Matagorda County,15394
2683, TX,Maverick County,22184
2684, TX,Medina County,21557
2685, TX,Menard County,816
2686, TX,Midland County,102691
2687, TX,Milam County,9152
2688, TX,Mills County,1782
2689, TX,Mitchell County,2134
2690, TX,Montague County,8868
2691, TX,Montgomery County,274258
2692, TX,Moore County,10686
2693, TX,Morris County,4483
2694, TX,Motley County,442
2695, TX,Nacogdoches County,27377
2696, TX,Navarro County,23164
2697, TX,Newton County,4997
2698, TX,Nolan County,6641
2699, TX,Nueces County,162333
2700, TX,Ochiltree County,4059
2701, TX,Oldham County,889
2702, TX,Orange County,35644
2703, TX,Palo Pinto County,13105
2704, TX,Panola County,9939
2705, TX,Parker County,64792
2706, TX,Parmer County,4763
2707, TX,Pecos County,6324
2708, TX,Polk County,17257
2709, TX,Potter County,54659
2710, TX,Presidio County,3000
2711, TX,Rains County,5971
2712, TX,Randall County,70116
2713, TX,Reagan County,1904
2714, TX,Real County,964
2715, TX,Red River County,4702
2716, TX,Reeves County,12596
2717, TX,Refugio County,3017
2718, TX,Roberts County,391
2719, TX,Robertson County,7582
2720, TX,Rockwall County,51063
2721, TX,Runnels County,4501
2722, TX,Rusk County,21217
2723, TX,Sabine County,3418
2724, TX,San Augustine County,3314
2725, TX,San Jacinto County,11297
2726, TX,San Patricio County,28792
2727, TX,San Saba County,2636
2728, TX,Schleicher County,1311
2729, TX,Scurry County,6360
2730, TX,Shackelford County,1926
2731, TX,Shelby County,10743
2732, TX,Sherman County,1313
2733, TX,Smith County,105684
2734, TX,Somervell County,4246
2735, TX,Starr County,22640
2736, TX,Stephens County,3981
2737, TX,Sterling County,554
2738, TX,Stonewall County,561
2739, TX,Sutton County,1454
2740, TX,Swisher County,2529
2741, TX,Tarrant County,1060662
2742, TX,Taylor County,63811
2743, TX,Terrell County,339
2744, TX,Terry County,4852
2745, TX,Throckmorton County,635
2746, TX,Titus County,12113
2747, TX,Tom Green County,53698
2748, TX,Travis County,727641
2749, TX,Trinity County,4941
2750, TX,Tyler County,6758
2751, TX,Upshur County,16963
2752, TX,Upton County,1580
2753, TX,Uvalde County,10774
2754, TX,Val Verde County,20741
2755, TX,Van Zandt County,25817
2756, TX,Victoria County,41680
2757, TX,Walker County,23266
2758, TX,Waller County,22550
2759, TX,Ward County,7673
2760, TX,Washington County,14556
2761, TX,Webb County,113826
2762, TX,Wharton County,20908
2763, TX,Wheeler County,2312
2764, TX,Wichita County,55078
2765, TX,Wilbarger County,4795
2766, TX,Willacy County,6090
2767, TX,Williamson County,302387
2768, TX,Wilson County,24636
2769, TX,Winkler County,4758
2770, TX,Wise County,30716
2771, TX,Wood County,16740
2772, TX,Yoakum County,3581
2773, TX,Young County,7936
2774, TX,Zapata County,5078
2775, TX,Zavala County,2998
2776, UT,Beaver County,2657
2777, UT,Box Elder County,25711
2778, UT,Cache County,65051
2779, UT,Carbon County,8272
2780, UT,Daggett County,333
2781, UT,Davis County,174591
2782, UT,Duchesne County,7569
2783, UT,Emery County,4126
2784, UT,Garfield County,2113
2785, UT,Grand County,5288
2786, UT,Iron County,24273
2787, UT,Juab County,5728
2788, UT,Kane County,3466
2789, UT,Millard County,5684
2790, UT,Morgan County,5561
2791, UT,Piute County,455
2792, UT,Rich County,941
2793, UT,Salt Lake County,630110
2794, UT,San Juan County,5167
2795, UT,Sanpete County,12061
2796, UT,Sevier County,9406
2797, UT,Summit County,26518
2798, UT,Tooele County,32968
2799, UT,Uintah County,13378
2800, UT,Utah County,308529
2801, UT,Wasatch County,16461
2802, UT,Washington County,75623
2803, UT,Wayne County,1205
2804, UT,Weber County,126667
2805, VT,Addison County,19811
2806, VT,Bennington County,17321
2807, VT,Caledonia County,13841
2808, VT,Chittenden County,93909
2809, VT,Essex County,2558
2810, VT,Franklin County,26443
2811, VT,Grand Isle County,3892
2812, VT,Lamoille County,13451
2813, VT,Orange County,15400
2814, VT,Orleans County,12762
2815, VT,Rutland County,29627
2816, VT,Washington County,33583
2817, VT,Windham County,21409
2818, VT,Windsor County,28229
2819, VA,Accomack County,16480
2820, VA,Albemarle County,56052
2821, VA,Alleghany County,6737
2822, VA,Amelia County,6328
2823, VA,Amherst County,14894
2824, VA,Appomattox County,7032
2825, VA,Arlington County,153729
2826, VA,Augusta County,37560
2827, VA,Bath County,2410
2828, VA,Bedford County,37932
2829, VA,Bland County,2816
2830, VA,Botetourt County,17421
2831, VA,Brunswick County,5736
2832, VA,Buchanan County,6648
2833, VA,Buckingham County,6283
2834, VA,Campbell County,25820
2835, VA,Caroline County,15138
2836, VA,Carroll County,13095
2837, VA,Charles City County,3713
2838, VA,Charlotte County,5302
2839, VA,Chesterfield County,186007
2840, VA,Clarke County,7654
2841, VA,Craig County,2295
2842, VA,Culpeper County,24427
2843, VA,Cumberland County,4604
2844, VA,Dickenson County,4231
2845, VA,Dinwiddie County,13566
2846, VA,Essex County,5349
2847, VA,Fairfax County,636054
2848, VA,Fauquier County,36855
2849, VA,Floyd County,8283
2850, VA,Fluvanna County,13582
2851, VA,Franklin County,26540
2852, VA,Frederick County,47544
2853, VA,Giles County,7883
2854, VA,Gloucester County,19395
2855, VA,Goochland County,11043
2856, VA,Grayson County,7717
2857, VA,Greene County,10305
2858, VA,Greensville County,4350
2859, VA,Halifax County,15170
2860, VA,Hanover County,59130
2861, VA,Henrico County,182266
2862, VA,Henry County,23227
2863, VA,Highland County,1292
2864, VA,Isle of Wight County,19044
2865, VA,James City County,35794
2866, VA,King and Queen County,3984
2867, VA,King George County,13004
2868, VA,King William County,9116
2869, VA,Lancaster County,5157
2870, VA,Lee County,8123
2871, VA,Loudoun County,218461
2872, VA,Louisa County,19402
2873, VA,Lunenburg County,5346
2874, VA,Madison County,7359
2875, VA,Mathews County,4081
2876, VA,Mecklenburg County,12516
2877, VA,Middlesex County,5233
2878, VA,Montgomery County,49949
2879, VA,Nelson County,7451
2880, VA,New Kent County,12222
2881, VA,Northampton County,5185
2882, VA,Northumberland County,5601
2883, VA,Nottoway County,7225
2884, VA,Orange County,17113
2885, VA,Page County,11488
2886, VA,Patrick County,7260
2887, VA,Pittsylvania County,30495
2888, VA,Powhatan County,13987
2889, VA,Prince Edward County,10318
2890, VA,Prince George County,14981
2891, VA,Prince William County,243052
2892, VA,Pulaski County,16045
2893, VA,Rappahannock County,3769
2894, VA,Richmond County,4035
2895, VA,Roanoke County,49260
2896, VA,Rockbridge County,10509
2897, VA,Rockingham County,41967
2898, VA,Russell County,11089
2899, VA,Scott County,9417
2900, VA,Shenandoah County,22066
2901, VA,Smyth County,13588
2902, VA,Southampton County,9111
2903, VA,Spotsylvania County,66273
2904, VA,Stafford County,70304
2905, VA,Surry County,3684
2906, VA,Sussex County,3863
2907, VA,Tazewell County,15395
2908, VA,Warren County,20192
2909, VA,Washington County,27088
2910, VA,Westmoreland County,9165
2911, VA,Wise County,12677
2912, VA,Wythe County,13455
2913, VA,York County,32326
2914, VA,Alexandria city,101495
2915, VA,Bristol city,7387
2916, VA,Buena Vista city,3336
2917, VA,Charlottesville city,26020
2918, VA,Chesapeake city,119837
2919, VA,Colonial Heights city,8817
2920, VA,Covington city,2293
2921, VA,Danville city,19215
2922, VA,Emporia city,2295
2923, VA,Fairfax city,13254
2924, VA,Falls Church city,8536
2925, VA,Franklin city,3509
2926, VA,Fredericksburg city,13652
2927, VA,Galax city,2861
2928, VA,Hampton city,63022
2929, VA,Harrisonburg city,25098
2930, VA,Hopewell city,9593
2931, VA,Lexington city,2001
2932, VA,Lynchburg city,35328
2933, VA,Manassas city,21993
2934, VA,Manassas Park city,9004
2935, VA,Martinsville city,5301
2936, VA,Newport News city,87341
2937, VA,Norfolk city,109594
2938, VA,Norton city,1604
2939, VA,Petersburg city,12796
2940, VA,Poquoson city,6279
2941, VA,Portsmouth city,43138
2942, VA,Radford city,8260
2943, VA,Richmond city,117502
2944, VA,Roanoke city,48930
2945, VA,Salem city,13062
2946, VA,Staunton city,12038
2947, VA,Suffolk city,43472
2948, VA,Virginia Beach city,230327
2949, VA,Waynesboro city,10514
2950, VA,Williamsburg city,6588
2951, VA,Winchester city,14808
2952, WA,Adams County,8269
2953, WA,Asotin County,10354
2954, WA,Benton County,99278
2955, WA,Chelan County,42611
2956, WA,Clallam County,27213
2957, WA,Clark County,237866
2958, WA,Columbia County,1790
2959, WA,Cowlitz County,45854
2960, WA,Douglas County,20259
2961, WA,Ferry County,2367
2962, WA,Franklin County,39387
2963, WA,Garfield County,843
2964, WA,Grant County,41882
2965, WA,Grays Harbor County,28063
2966, WA,Island County,35271
2967, WA,Jefferson County,12326
2968, WA,King County,1270598
2969, WA,Kitsap County,128225
2970, WA,Kittitas County,22670
2971, WA,Klickitat County,9335
2972, WA,Lewis County,33301
2973, WA,Lincoln County,4822
2974, WA,Mason County,24686
2975, WA,Okanogan County,17741
2976, WA,Pacific County,8081
2977, WA,Pend Oreille County,4827
2978, WA,Pierce County,436304
2979, WA,San Juan County,7978
2980, WA,Skagit County,60628
2981, WA,Skamania County,5435
2982, WA,Snohomish County,432715
2983, WA,Spokane County,250513
2984, WA,Stevens County,18344
2985, WA,Thurston County,142094
2986, WA,Wahkiakum County,1330
2987, WA,Walla Walla County,29075
2988, WA,Whatcom County,113737
2989, WA,Whitman County,23749
2990, WA,Yakima County,117996
2991, WV,Barbour County,6650
2992, WV,Berkeley County,57259
2993, WV,Boone County,7053
2994, WV,Braxton County,4693
2995, WV,Brooke County,9301
2996, WV,Cabell County,40160
2997, WV,Calhoun County,2160
2998, WV,Clay County,2865
2999, WV,Doddridge County,3974
3000, WV,Fayette County,15048
3001, WV,Gilmer County,2316
3002, WV,Grant County,5445
3003, WV,Greenbrier County,14806
3004, WV,Hampshire County,10405
3005, WV,Hancock County,12217
3006, WV,Hardy County,5466
3007, WV,Harrison County,34232
3008, WV,Jackson County,18053
3009, WV,Jefferson County,29327
3010, WV,Kanawha County,78649
3011, WV,Lewis County,6161
3012, WV,Lincoln County,6752
3013, WV,Logan County,9934
3014, WV,McDowell County,4060
3015, WV,Marion County,24054
3016, WV,Marshall County,14007
3017, WV,Mason County,9253
3018, WV,Mercer County,19672
3019, WV,Mineral County,11838
3020, WV,Mingo County,6467
3021, WV,Monongalia County,52113
3022, WV,Monroe County,5527
3023, WV,Morgan County,7892
3024, WV,Nicholas County,8962
3025, WV,Ohio County,21259
3026, WV,Pendleton County,3405
3027, WV,Pleasants County,2646
3028, WV,Pocahontas County,3742
3029, WV,Preston County,14715
3030, WV,Putnam County,25370
3031, WV,Raleigh County,28483
3032, WV,Randolph County,11477
3033, WV,Ritchie County,4101
3034, WV,Roane County,4528
3035, WV,Summers County,3897
3036, WV,Taylor County,7629
3037, WV,Tucker County,3139
3038, WV,Tyler County,2866
3039, WV,Upshur County,8905
3040, WV,Wayne County,14890
3041, WV,Webster County,3020
3042, WV,Wetzel County,6279
3043, WV,Wirt County,2060
3044, WV,Wood County,34744
3045, WV,Wyoming County,6211
3046, WI,Adams County,7484
3047, WI,Ashland County,7334
3048, WI,Barron County,23234
3049, WI,Bayfield County,7045
3050, WI,Brown County,138966
3051, WI,Buffalo County,6205
3052, WI,Burnett County,6650
3053, WI,Calumet County,26554
3054, WI,Chippewa County,32013
3055, WI,Clark County,17392
3056, WI,Columbia County,30728
3057, WI,Crawford County,7382
3058, WI,Dane County,311548
3059, WI,Dodge County,45981
3060, WI,Door County,13541
3061, WI,Douglas County,21742
3062, WI,Dunn County,23745
3063, WI,Eau Claire County,56894
3064, WI,Florence County,2114
3065, WI,Fond du Lac County,54990
3066, WI,Forest County,3754
3067, WI,Grant County,27645
3068, WI,Green County,20596
3069, WI,Green Lake County,8876
3070, WI,Iowa County,13480
3071, WI,Iron County,2364
3072, WI,Jackson County,9799
3073, WI,Jefferson County,44175
3074, WI,Juneau County,12799
3075, WI,Kenosha County,85607
3076, WI,Kewaunee County,10970
3077, WI,La Crosse County,65436
3078, WI,Lafayette County,9970
3079, WI,Langlade County,8900
3080, WI,Lincoln County,14424
3081, WI,Manitowoc County,39121
3082, WI,Marathon County,71858
3083, WI,Marinette County,18473
3084, WI,Marquette County,7349
3085, WI,Menominee County,1490
3086, WI,Milwaukee County,450408
3087, WI,Monroe County,22547
3088, WI,Oconto County,20092
3089, WI,Oneida County,16622
3090, WI,Outagamie County,98264
3091, WI,Ozaukee County,47443
3092, WI,Pepin County,3904
3093, WI,Pierce County,23870
3094, WI,Polk County,23281
3095, WI,Portage County,37511
3096, WI,Price County,6212
3097, WI,Racine County,93787
3098, WI,Richland County,9021
3099, WI,Rock County,81878
3100, WI,Rusk County,6317
3101, WI,St. Croix County,47598
3102, WI,Sauk County,33786
3103, WI,Sawyer County,7351
3104, WI,Shawano County,20545
3105, WI,Sheboygan County,60126
3106, WI,Taylor County,10582
3107, WI,Trempealeau County,15254
3108, WI,Vernon County,14930
3109, WI,Vilas County,9242
3110, WI,Walworth County,55903
3111, WI,Washburn County,7376
3112, WI,Washington County,74773
3113, WI,Waukesha County,217131
3114, WI,Waupaca County,24484
3115, WI,Waushara County,11098
3116, WI,Winnebago County,88750
3117, WI,Wood County,33798
3118, WY,Albany County,19882
3119, WY,Big Horn County,5062
3120, WY,Campbell County,22816
3121, WY,Carbon County,7644
3122, WY,Converse County,8396
3123, WY,Crook County,3566
3124, WY,Fremont County,17955
3125, WY,Goshen County,6483
3126, WY,Hot Springs County,2076
3127, WY,Johnson County,4011
3128, WY,Laramie County,46360
3129, WY,Lincoln County,8513
3130, WY,Natrona County,37620
3131, WY,Niobrara County,1204
3132, WY,Park County,14238
3133, WY,Platte County,4431
3134, WY,Sheridan County,15148
3135, WY,Sublette County,3935
3136, WY,Sweetwater County,20844
3137, WY,Teton County,14591
3138, WY,Uinta County,8880
3139, WY,Washakie County,3901
3140, WY,Weston County,3711
3141, PR,Adjuntas Municipio,3370
3142, PR,Aguada Municipio,10086
3143, PR,Aguadilla Municipio,12433
3144, PR,Aguas Buenas Municipio,5591
3145, PR,Aibonito Municipio,5506
3146, PR,Anasco Municipio,7599
3147, PR,Arecibo Municipio,20764
3148, PR,Arroyo Municipio,3815
3149, PR,Barceloneta Municipio,4908
3150, PR,Barranquitas Municipio,6379
3151, PR,Bayamon Municipio,58062
3152, PR,Cabo Rojo Municipio,12123
3153, PR,Caguas Municipio,41794
3154, PR,Camuy Municipio,8269
3155, PR,Canovanas Municipio,13970
3156, PR,Carolina Municipio,54513
3157, PR,Catano Municipio,6863
3158, PR,Cayey Municipio,14036
3159, PR,Ceiba Municipio,3166
3160, PR,Ciales Municipio,3133
3161, PR,Cidra Municipio,13543
3162, PR,Coamo Municipio,8299
3163, PR,Comerio Municipio,4205
3164, PR,Corozal Municipio,7690
3165, PR,Culebra Municipio,825
3166, PR,Dorado Municipio,11605
3167, PR,Fajardo Municipio,9327
3168, PR,Florida Municipio,2780
3169, PR,Guanica Municipio,3324
3170, PR,Guayama Municipio,9243
3171, PR,Guayanilla Municipio,3989
3172, PR,Guaynabo Municipio,33839
3173, PR,Gurabo Municipio,15691
3174, PR,Hatillo Municipio,11314
3175, PR,Hormigueros Municipio,4772
3176, PR,Humacao Municipio,14590
3177, PR,Isabela Municipio,10783
3178, PR,Jayuya Municipio,3530
3179, PR,Juana Diaz Municipio,12673
3180, PR,Juncos Municipio,10520
3181, PR,Lajas Municipio,4524
3182, PR,Lares Municipio,5904
3183, PR,Las Marias Municipio,2231
3184, PR,Las Piedras Municipio,9590
3185, PR,Loiza Municipio,7363
3186, PR,Luquillo Municipio,5263
3187, PR,Manati Municipio,10106
3188, PR,Maricao Municipio,1618
3189, PR,Maunabo Municipio,2356
3190, PR,Mayaguez Municipio,19190
3191, PR,Moca Municipio,8858
3192, PR,Morovis Municipio,6771
3193, PR,Naguabo Municipio,6931
3194, PR,Naranjito Municipio,6074
3195, PR,Orocovis Municipio,4210
3196, PR,Patillas Municipio,3463
3197, PR,Penuelas Municipio,4794
3198, PR,Ponce Municipio,39074
3199, PR,Quebradillas Municipio,5096
3200, PR,Rincon Municipio,3842
3201, PR,Rio Grande Municipio,14805
3202, PR,Sabana Grande Municipio,5291
3203, PR,Salinas Municipio,5635
3204, PR,San German Municipio,8510
3205, PR,San Juan Municipio,119860
3206, PR,San Lorenzo Municipio,10029
3207, PR,San Sebastian Municipio,8644
3208, PR,Santa Isabel Municipio,7434
3209, PR,Toa Alta Municipio,23700
3210, PR,Toa Baja Municipio,25923
3211, PR,Trujillo Alto Municipio,24246
3212, PR,Utuado Municipio,5628
3213, PR,Vega Alta Municipio,8444
3214, PR,Vega Baja Municipio,11289
3215, PR,Vieques Municipio,2271
3216, PR,Villalba Municipio,5968
3217, PR,Yabucoa Municipio,7251
3218, PR,Yauco Municipio,8053
