,zipcode,tot_income,state,population,city,county
4904,32003,1143458,FL,29247,FLEMING ISLAND,Clay
4905,32008,90021,FL,5144,BRANFORD,Gilchrist
4906,32008,90021,FL,5144,BRANFORD,Lafayette
4907,32008,90021,FL,5144,BRANFORD,Suwannee
4908,32009,82188,FL,3481,BRYCEVILLE,Nassau
4909,32011,373566,FL,14142,CALLAHAN,Nassau
4910,32024,378188,FL,19442,LAKE CITY,Columbia
4911,32024,378188,FL,19442,LAKE CITY,Suwannee
4912,32025,318611,FL,22914,LAKE CITY,Columbia
4913,32033,123240,FL,4587,ELKTON,St. Johns
4914,32034,1786944,FL,33189,FERNANDINA BEACH,Nassau
4915,32038,164378,FL,9264,FORT WHITE,Columbia
4916,32040,169202,FL,7214,GLEN SAINT MARY,Baker
4917,32043,1019886,FL,24908,GREEN COVE SPRINGS,Clay
4918,32043,1019886,FL,24908,GREEN COVE SPRINGS,Putnam
4919,32044,28784,FL,2004,HAMPTON,Bradford
4920,32046,196378,FL,9345,HILLIARD,Nassau
4921,32052,92260,FL,9575,JASPER,Hamilton
4922,32053,54361,FL,3341,JENNINGS,Hamilton
4923,32054,185008,FL,11669,LAKE BUTLER,Bradford
4924,32054,185008,FL,11669,LAKE BUTLER,Union
4925,32055,270937,FL,16770,LAKE CITY,Columbia
4926,32058,63064,FL,4514,LAWTEY,Bradford
4927,32058,63064,FL,4514,LAWTEY,Clay
4928,32059,44980,FL,2622,LEE,Madison
4929,32060,332234,FL,22974,LIVE OAK,Suwannee
4930,32061,5645,FL,403,LULU,Columbia
4931,32062,44473,FL,2558,MC ALPIN,Suwannee
4932,32063,264349,FL,14051,MACCLENNY,Baker
4933,32064,123696,FL,6860,LIVE OAK,Suwannee
4934,32065,924397,FL,37862,ORANGE PARK,Clay
4935,32066,83626,FL,7532,MAYO,Lafayette
4936,32068,1194774,FL,52300,MIDDLEBURG,Clay
4937,32071,59023,FL,3579,O BRIEN,Suwannee
4938,32073,1060898,FL,39378,ORANGE PARK,Clay
4939,32073,1060898,FL,39378,ORANGE PARK,Duval
4940,32079,20025,FL,369,PENNEY FARMS,Clay
4941,32080,1065819,FL,21976,SAINT AUGUSTINE,Flagler
4942,32080,1065819,FL,21976,SAINT AUGUSTINE,St. Johns
4943,32081,898951,FL,9836,PONTE VEDRA,St. Johns
4944,32082,3237562,FL,30516,PONTE VEDRA BEACH,Duval
4945,32082,3237562,FL,30516,PONTE VEDRA BEACH,St. Johns
4946,32083,24955,FL,3559,RAIFORD,Union
4947,32084,875460,FL,33844,SAINT AUGUSTINE,St. Johns
4948,32086,792157,FL,27265,SAINT AUGUSTINE,St. Johns
4949,32087,70055,FL,5767,SANDERSON,Baker
4950,32087,70055,FL,5767,SANDERSON,Columbia
4951,32091,265056,FL,14923,STARKE,Bradford
4952,32091,265056,FL,14923,STARKE,Clay
4953,32092,1377440,FL,31189,SAINT AUGUSTINE,St. Johns
4954,32094,51631,FL,2452,WELLBORN,Columbia
4955,32094,51631,FL,2452,WELLBORN,Suwannee
4956,32095,488653,FL,7887,SAINT AUGUSTINE,St. Johns
4957,32096,45509,FL,2073,WHITE SPRINGS,Columbia
4958,32096,45509,FL,2073,WHITE SPRINGS,Hamilton
4959,32096,45509,FL,2073,WHITE SPRINGS,Suwannee
4960,32097,540321,FL,16977,YULEE,Nassau
4961,32102,42524,FL,2188,ASTOR,Lake
4962,32102,42524,FL,2188,ASTOR,Volusia
4963,32110,125196,FL,7681,BUNNELL,Flagler
4964,32112,88937,FL,8493,CRESCENT CITY,Putnam
4965,32113,93766,FL,5266,CITRA,Marion
4966,32114,362546,FL,31385,DAYTONA BEACH,Volusia
4967,32117,379472,FL,24498,DAYTONA BEACH,Volusia
4968,32118,567358,FL,16820,DAYTONA BEACH,Volusia
4969,32119,444816,FL,22192,DAYTONA BEACH,Volusia
4970,32124,128489,FL,5452,DAYTONA BEACH,Volusia
4971,32127,937043,FL,30205,PORT ORANGE,Volusia
4972,32128,784711,FL,18147,PORT ORANGE,Volusia
4973,32129,446706,FL,20923,PORT ORANGE,Volusia
4974,32130,108376,FL,5520,DE LEON SPRINGS,Volusia
4975,32131,94635,FL,4723,EAST PALATKA,Putnam
4976,32132,158267,FL,7074,EDGEWATER,Volusia
4977,32134,111122,FL,7685,FORT MC COY,Lake
4978,32134,111122,FL,7685,FORT MC COY,Marion
4979,32134,111122,FL,7685,FORT MC COY,Putnam
4980,32136,295098,FL,7574,FLAGLER BEACH,Flagler
4981,32136,295098,FL,7574,FLAGLER BEACH,Volusia
4982,32137,1594208,FL,39910,PALM COAST,Flagler
4983,32139,16014,FL,1047,GEORGETOWN,Putnam
4984,32140,27676,FL,837,FLORAHOME,Clay
4985,32140,27676,FL,837,FLORAHOME,Putnam
4986,32141,369982,FL,18226,EDGEWATER,Volusia
4987,32145,88386,FL,5733,HASTINGS,Flagler
4988,32145,88386,FL,5733,HASTINGS,Putnam
4989,32145,88386,FL,5733,HASTINGS,St. Johns
4990,32147,26532,FL,517,HOLLISTER,Putnam
4991,32148,125640,FL,10715,INTERLACHEN,Putnam
4992,32159,751127,FL,30570,LADY LAKE,Lake
4993,32159,751127,FL,30570,LADY LAKE,Sumter
4994,32162,2663303,FL,54936,THE VILLAGES,Marion
4995,32162,2663303,FL,54936,THE VILLAGES,Sumter
4996,32164,906025,FL,45817,PALM COAST,Flagler
4997,32168,781927,FL,24902,NEW SMYRNA BEACH,Volusia
4998,32169,509514,FL,10694,NEW SMYRNA BEACH,Volusia
4999,32174,1662571,FL,49085,ORMOND BEACH,Flagler
5000,32174,1662571,FL,49085,ORMOND BEACH,Volusia
5001,32176,632629,FL,14730,ORMOND BEACH,Volusia
5002,32177,377345,FL,25628,PALATKA,Putnam
5003,32179,116623,FL,7410,OCKLAWAHA,Marion
5004,32180,64443,FL,4058,PIERSON,Volusia
5005,32181,32492,FL,2222,POMONA PARK,Putnam
5006,32187,35274,FL,1641,SAN MATEO,Putnam
5007,32189,74358,FL,6035,SATSUMA,Putnam
5008,32190,17371,FL,1163,SEVILLE,Volusia
5009,32193,22788,FL,1034,WELAKA,Putnam
5010,32195,75405,FL,3437,WEIRSDALE,Lake
5011,32195,75405,FL,3437,WEIRSDALE,Marion
5012,32202,150417,FL,6078,JACKSONVILLE,Duval
5013,32204,240163,FL,7281,JACKSONVILLE,Duval
5014,32205,785178,FL,28913,JACKSONVILLE,Duval
5015,32206,205359,FL,16820,JACKSONVILLE,Duval
5016,32207,1147911,FL,34770,JACKSONVILLE,Duval
5017,32208,407374,FL,30640,JACKSONVILLE,Duval
5018,32209,333046,FL,34192,JACKSONVILLE,Duval
5019,32210,1525702,FL,61973,JACKSONVILLE,Duval
5020,32211,527249,FL,34434,JACKSONVILLE,Duval
5021,32212,23748,FL,2702,JACKSONVILLE,Duval
5022,32216,879218,FL,38358,JACKSONVILLE,Duval
5023,32217,699013,FL,18938,JACKSONVILLE,Duval
5024,32218,1290049,FL,57754,JACKSONVILLE,Duval
5025,32219,240275,FL,11413,JACKSONVILLE,Duval
5026,32220,310041,FL,13884,JACKSONVILLE,Duval
5027,32221,653213,FL,30957,JACKSONVILLE,Duval
5028,32222,271021,FL,10014,JACKSONVILLE,Duval
5029,32223,1036581,FL,24424,JACKSONVILLE,Duval
5030,32224,1729425,FL,39113,JACKSONVILLE,Duval
5031,32225,1826760,FL,53545,JACKSONVILLE,Duval
5032,32226,593445,FL,16580,JACKSONVILLE,Duval
5033,32227,29091,FL,2518,JACKSONVILLE,Duval
5034,32228,3907,FL,394,JACKSONVILLE,Duval
5035,32233,915911,FL,24755,ATLANTIC BEACH,Duval
5036,32234,150742,FL,6100,JACKSONVILLE,Baker
5037,32234,150742,FL,6100,JACKSONVILLE,Clay
5038,32234,150742,FL,6100,JACKSONVILLE,Duval
5039,32234,150742,FL,6100,JACKSONVILLE,Nassau
5040,32244,1127193,FL,60694,JACKSONVILLE,Duval
5041,32246,1255380,FL,51598,JACKSONVILLE,Duval
5042,32250,1349428,FL,26235,JACKSONVILLE BEACH,Duval
5043,32250,1349428,FL,26235,JACKSONVILLE BEACH,St. Johns
5044,32254,150694,FL,13040,JACKSONVILLE,Duval
5045,32256,1735632,FL,42388,JACKSONVILLE,Duval
5046,32257,1142165,FL,37498,JACKSONVILLE,Duval
5047,32258,1107636,FL,28855,JACKSONVILLE,Duval
5048,32259,2220936,FL,45503,SAINT JOHNS,St. Johns
5049,32266,331858,FL,6817,NEPTUNE BEACH,Duval
5050,32277,616593,FL,28645,JACKSONVILLE,Duval
5051,32301,546900,FL,29860,TALLAHASSEE,Leon
5052,32303,1067145,FL,49584,TALLAHASSEE,Leon
5053,32304,261826,FL,46660,TALLAHASSEE,Leon
5054,32305,274367,FL,20547,TALLAHASSEE,Leon
5055,32308,858807,FL,23281,TALLAHASSEE,Leon
5056,32309,1275623,FL,31352,TALLAHASSEE,Jefferson
5057,32309,1275623,FL,31352,TALLAHASSEE,Leon
5058,32310,202810,FL,16827,TALLAHASSEE,Leon
5059,32311,644088,FL,19984,TALLAHASSEE,Leon
5060,32312,1721009,FL,31985,TALLAHASSEE,Leon
5061,32317,592193,FL,14669,TALLAHASSEE,Leon
5062,32320,56173,FL,3637,APALACHICOLA,Franklin
5063,32321,79652,FL,6083,BRISTOL,Liberty
5064,32322,66428,FL,4268,CARRABELLE,Franklin
5065,32324,66848,FL,4626,CHATTAHOOCHEE,Gadsden
5066,32327,557417,FL,27616,CRAWFORDVILLE,Leon
5067,32327,557417,FL,27616,CRAWFORDVILLE,Wakulla
5068,32328,110664,FL,3122,EASTPOINT,Franklin
5069,32330,13491,FL,592,GREENSBORO,Gadsden
5070,32331,64248,FL,4292,GREENVILLE,Jefferson
5071,32331,64248,FL,4292,GREENVILLE,Madison
5072,32331,64248,FL,4292,GREENVILLE,Taylor
5073,32332,20664,FL,1704,GRETNA,Gadsden
5074,32333,264559,FL,10526,HAVANA,Gadsden
5075,32333,264559,FL,10526,HAVANA,Leon
5076,32334,30632,FL,2202,HOSFORD,Liberty
5077,32336,27690,FL,1425,LAMONT,Jefferson
5078,32336,27690,FL,1425,LAMONT,Taylor
5079,32340,133980,FL,11042,MADISON,Madison
5080,32343,54547,FL,3256,MIDWAY,Gadsden
5081,32344,232483,FL,12574,MONTICELLO,Jefferson
5082,32346,48280,FL,1866,PANACEA,Franklin
5083,32346,48280,FL,1866,PANACEA,Wakulla
5084,32347,141260,FL,8047,PERRY,Taylor
5085,32348,172185,FL,12513,PERRY,Taylor
5086,32350,26074,FL,1259,PINETTA,Madison
5087,32351,228720,FL,19088,QUINCY,Gadsden
5088,32351,228720,FL,19088,QUINCY,Liberty
5089,32352,93771,FL,6361,QUINCY,Gadsden
5090,32355,11266,FL,237,SAINT MARKS,Wakulla
5091,32358,43357,FL,1978,SOPCHOPPY,Franklin
5092,32358,43357,FL,1978,SOPCHOPPY,Wakulla
5093,32359,32410,FL,1438,STEINHATCHEE,Dixie
5094,32359,32410,FL,1438,STEINHATCHEE,Taylor
5095,32361,8072,FL,154,WACISSA,Jefferson
5096,32401,442499,FL,23380,PANAMA CITY,Bay
5097,32403,50190,FL,3444,PANAMA CITY,Bay
5098,32404,799175,FL,38076,PANAMA CITY,Bay
5099,32405,710850,FL,32341,PANAMA CITY,Bay
5100,32407,342864,FL,10118,PANAMA CITY BEACH,Bay
5101,32408,560154,FL,16085,PANAMA CITY,Bay
5102,32409,223964,FL,10075,PANAMA CITY,Bay
5103,32410,13214,FL,987,MEXICO BEACH,Bay
5104,32413,480632,FL,14022,PANAMA CITY BEACH,Bay
5105,32413,480632,FL,14022,PANAMA CITY BEACH,Walton
5106,32420,39379,FL,1843,ALFORD,Jackson
5107,32420,39379,FL,1843,ALFORD,Washington
5108,32421,69725,FL,5251,ALTHA,Calhoun
5109,32423,20069,FL,974,BASCOM,Jackson
5110,32424,100296,FL,7304,BLOUNTSTOWN,Calhoun
5111,32425,190045,FL,14000,BONIFAY,Holmes
5112,32425,190045,FL,14000,BONIFAY,Washington
5113,32426,12394,FL,791,CAMPBELLTON,Jackson
5114,32427,14359,FL,1031,CARYVILLE,Washington
5115,32428,276464,FL,17019,CHIPLEY,Washington
5116,32430,21828,FL,1028,CLARKSVILLE,Calhoun
5117,32431,77543,FL,3816,COTTONDALE,Jackson
5118,32431,77543,FL,3816,COTTONDALE,Washington
5119,32433,233497,FL,16515,DEFUNIAK SPRINGS,Walton
5120,32435,129611,FL,7442,DEFUNIAK SPRINGS,Walton
5121,32437,10650,FL,1055,EBRO,Bay
5122,32437,10650,FL,1055,EBRO,Washington
5123,32438,49213,FL,4183,FOUNTAIN,Bay
5124,32438,49213,FL,4183,FOUNTAIN,Calhoun
5125,32439,257264,FL,8866,FREEPORT,Walton
5126,32440,103101,FL,7711,GRACEVILLE,Holmes
5127,32440,103101,FL,7711,GRACEVILLE,Jackson
5128,32442,67134,FL,3326,GRAND RIDGE,Jackson
5129,32443,48708,FL,2852,GREENWOOD,Jackson
5130,32444,652973,FL,20913,LYNN HAVEN,Bay
5131,32445,19250,FL,2744,MALONE,Jackson
5132,32446,202075,FL,11856,MARIANNA,Jackson
5133,32448,125192,FL,8720,MARIANNA,Calhoun
5134,32448,125192,FL,8720,MARIANNA,Jackson
5135,32449,7258,FL,591,WEWAHITCHKA,Calhoun
5136,32455,60240,FL,4747,PONCE DE LEON,Holmes
5137,32455,60240,FL,4747,PONCE DE LEON,Walton
5138,32456,222304,FL,7713,PORT SAINT JOE,Bay
5139,32456,222304,FL,7713,PORT SAINT JOE,Gulf
5140,32459,1371851,FL,14075,SANTA ROSA BEACH,Walton
5141,32460,70266,FL,5967,SNEADS,Jackson
5142,32461,325190,FL,21,ROSEMARY BEACH,Bay
5143,32462,55839,FL,3348,VERNON,Walton
5144,32462,55839,FL,3348,VERNON,Washington
5145,32463,5460,FL,188,WAUSAU,Washington
5146,32464,58064,FL,4320,WESTVILLE,Holmes
5147,32464,58064,FL,4320,WESTVILLE,Walton
5148,32465,98447,FL,8492,WEWAHITCHKA,Bay
5149,32465,98447,FL,8492,WEWAHITCHKA,Gulf
5150,32466,109600,FL,6198,YOUNGSTOWN,Bay
5151,32466,109600,FL,6198,YOUNGSTOWN,Washington
5152,32501,231235,FL,11571,PENSACOLA,Escambia
5153,32502,149467,FL,2786,PENSACOLA,Escambia
5154,32503,961894,FL,34645,PENSACOLA,Escambia
5155,32504,703359,FL,22940,PENSACOLA,Escambia
5156,32505,361774,FL,25715,PENSACOLA,Escambia
5157,32506,675531,FL,34865,PENSACOLA,Escambia
5158,32507,960516,FL,28928,PENSACOLA,Escambia
5159,32508,31595,FL,6717,PENSACOLA,Escambia
5160,32514,887899,FL,44610,PENSACOLA,Escambia
5161,32526,921908,FL,36905,PENSACOLA,Escambia
5162,32530,10802,FL,0,BAGDAD,Santa Rosa
5163,32531,140263,FL,5490,BAKER,Okaloosa
5164,32531,140263,FL,5490,BAKER,Santa Rosa
5165,32533,787140,FL,27419,CANTONMENT,Escambia
5166,32534,320172,FL,14937,PENSACOLA,Escambia
5167,32535,74787,FL,5504,CENTURY,Escambia
5168,32536,695939,FL,22316,CRESTVIEW,Okaloosa
5169,32539,538878,FL,27836,CRESTVIEW,Okaloosa
5170,32539,538878,FL,27836,CRESTVIEW,Walton
5171,32541,1038552,FL,17221,DESTIN,Okaloosa
5172,32542,48606,FL,3396,EGLIN AFB,Okaloosa
5173,32544,28355,FL,2140,HURLBURT FIELD,Okaloosa
5174,32547,793047,FL,34666,FORT WALTON BEACH,Okaloosa
5175,32548,574721,FL,20744,FORT WALTON BEACH,Okaloosa
5176,32550,672340,FL,7315,MIRAMAR BEACH,Walton
5177,32561,617974,FL,9208,GULF BREEZE,Escambia
5178,32561,617974,FL,9208,GULF BREEZE,Santa Rosa
5179,32563,884201,FL,24629,GULF BREEZE,Santa Rosa
5180,32564,57694,FL,2678,HOLT,Okaloosa
5181,32564,57694,FL,2678,HOLT,Santa Rosa
5182,32565,130103,FL,4868,JAY,Santa Rosa
5183,32566,1139893,FL,35952,NAVARRE,Santa Rosa
5184,32567,78952,FL,3330,LAUREL HILL,Okaloosa
5185,32567,78952,FL,3330,LAUREL HILL,Walton
5186,32568,67870,FL,2940,MC DAVID,Escambia
5187,32569,311246,FL,12068,MARY ESTHER,Okaloosa
5188,32570,650506,FL,29555,MILTON,Santa Rosa
5189,32571,969194,FL,32745,MILTON,Santa Rosa
5190,32577,134404,FL,4182,MOLINO,Escambia
5191,32578,1250675,FL,31957,NICEVILLE,Okaloosa
5192,32578,1250675,FL,31957,NICEVILLE,Walton
5193,32579,383384,FL,10332,SHALIMAR,Okaloosa
5194,32580,118141,FL,3976,VALPARAISO,Okaloosa
5195,32583,515014,FL,29614,MILTON,Santa Rosa
5196,32601,268350,FL,18819,GAINESVILLE,Alachua
5197,32603,50726,FL,7844,GAINESVILLE,Alachua
5198,32605,894455,FL,23327,GAINESVILLE,Alachua
5199,32606,826661,FL,24454,GAINESVILLE,Alachua
5200,32607,700817,FL,29744,GAINESVILLE,Alachua
5201,32608,1378583,FL,47160,GAINESVILLE,Alachua
5202,32609,267601,FL,17974,GAINESVILLE,Alachua
5203,32615,399814,FL,15061,ALACHUA,Alachua
5204,32617,77637,FL,4605,ANTHONY,Marion
5205,32618,148060,FL,7775,ARCHER,Alachua
5206,32618,148060,FL,7775,ARCHER,Levy
5207,32619,85167,FL,4520,BELL,Gilchrist
5208,32621,73290,FL,5755,BRONSON,Levy
5209,32622,30915,FL,1109,BROOKER,Alachua
5210,32622,30915,FL,1109,BROOKER,Bradford
5211,32625,37006,FL,1565,CEDAR KEY,Levy
5212,32626,110451,FL,8204,CHIEFLAND,Levy
5213,32628,58081,FL,5154,CROSS CITY,Dixie
5214,32631,16310,FL,454,EARLETON,Alachua
5215,32639,5036,FL,27,GULF HAMMOCK,Levy
5216,32640,178100,FL,10875,HAWTHORNE,Alachua
5217,32640,178100,FL,10875,HAWTHORNE,Putnam
5218,32641,164832,FL,13761,GAINESVILLE,Alachua
5219,32643,261272,FL,11073,HIGH SPRINGS,Alachua
5220,32643,261272,FL,11073,HIGH SPRINGS,Columbia
5221,32643,261272,FL,11073,HIGH SPRINGS,Gilchrist
5222,32648,5820,FL,371,HORSESHOE BEACH,Dixie
5223,32653,496998,FL,13870,GAINESVILLE,Alachua
5224,32656,269378,FL,14235,KEYSTONE HEIGHTS,Bradford
5225,32656,269378,FL,14235,KEYSTONE HEIGHTS,Clay
5226,32658,9186,FL,222,LA CROSSE,Alachua
5227,32664,15249,FL,588,MC INTOSH,Marion
5228,32666,143428,FL,6101,MELROSE,Alachua
5229,32666,143428,FL,6101,MELROSE,Bradford
5230,32666,143428,FL,6101,MELROSE,Clay
5231,32666,143428,FL,6101,MELROSE,Putnam
5232,32667,115722,FL,3446,MICANOPY,Alachua
5233,32667,115722,FL,3446,MICANOPY,Marion
5234,32668,101630,FL,4315,MORRISTON,Levy
5235,32668,101630,FL,4315,MORRISTON,Marion
5236,32669,482626,FL,11630,NEWBERRY,Alachua
5237,32669,482626,FL,11630,NEWBERRY,Gilchrist
5238,32680,115225,FL,9894,OLD TOWN,Dixie
5239,32681,8673,FL,76,ORANGE LAKE,Marion
5240,32686,149703,FL,5913,REDDICK,Marion
5241,32692,8203,FL,242,SUWANNEE,Dixie
5242,32693,189820,FL,12379,TRENTON,Gilchrist
5243,32693,189820,FL,12379,TRENTON,Levy
5244,32694,35625,FL,2335,WALDO,Alachua
5245,32696,232991,FL,11589,WILLISTON,Levy
5246,32696,232991,FL,11589,WILLISTON,Marion
5247,32697,5446,FL,425,WORTHINGTON SPRINGS,Union
5248,32701,542529,FL,22069,ALTAMONTE SPRINGS,Seminole
5249,32702,62520,FL,2758,ALTOONA,Lake
5250,32702,62520,FL,2758,ALTOONA,Marion
5251,32703,1013863,FL,49218,APOPKA,Orange
5252,32703,1013863,FL,49218,APOPKA,Seminole
5253,32707,831972,FL,35511,CASSELBERRY,Seminole
5254,32708,1543821,FL,44605,WINTER SPRINGS,Seminole
5255,32709,53009,FL,1989,CHRISTMAS,Orange
5256,32712,1287814,FL,44194,APOPKA,Orange
5257,32713,595774,FL,19903,DEBARY,Volusia
5258,32714,883617,FL,35011,ALTAMONTE SPRINGS,Seminole
5259,32720,655546,FL,30847,DELAND,Lake
5260,32720,655546,FL,30847,DELAND,Volusia
5261,32724,892504,FL,34228,DELAND,Volusia
5262,32725,875558,FL,47113,DELTONA,Volusia
5263,32726,417033,FL,21767,EUSTIS,Lake
5264,32730,107932,FL,4980,CASSELBERRY,Seminole
5265,32732,180248,FL,4827,GENEVA,Seminole
5266,32732,180248,FL,4827,GENEVA,Volusia
5267,32735,119407,FL,3979,GRAND ISLAND,Lake
5268,32736,318677,FL,9864,EUSTIS,Lake
5269,32738,807441,FL,44439,DELTONA,Volusia
5270,32744,76941,FL,3613,LAKE HELEN,Volusia
5271,32746,1878900,FL,41892,LAKE MARY,Seminole
5272,32750,669483,FL,23630,LONGWOOD,Seminole
5273,32751,1072075,FL,21387,MAITLAND,Orange
5274,32751,1072075,FL,21387,MAITLAND,Seminole
5275,32754,275161,FL,10388,MIMS,Brevard
5276,32754,275161,FL,10388,MIMS,Volusia
5277,32757,883912,FL,25705,MOUNT DORA,Lake
5278,32757,883912,FL,25705,MOUNT DORA,Orange
5279,32759,51604,FL,2769,OAK HILL,Volusia
5280,32763,422969,FL,22579,ORANGE CITY,Volusia
5281,32764,85355,FL,3281,OSTEEN,Volusia
5282,32765,1976226,FL,61426,OVIEDO,Seminole
5283,32766,652029,FL,16699,OVIEDO,Seminole
5284,32767,35269,FL,3062,PAISLEY,Lake
5285,32771,1444528,FL,51310,SANFORD,Seminole
5286,32773,547622,FL,30348,SANFORD,Seminole
5287,32776,345845,FL,12026,SORRENTO,Lake
5288,32776,345845,FL,12026,SORRENTO,Orange
5289,32778,504183,FL,20359,TAVARES,Lake
5290,32779,1616083,FL,30450,LONGWOOD,Seminole
5291,32780,894201,FL,34956,TITUSVILLE,Brevard
5292,32784,227913,FL,12247,UMATILLA,Lake
5293,32784,227913,FL,12247,UMATILLA,Marion
5294,32789,2063444,FL,25145,WINTER PARK,Orange
5295,32792,1204171,FL,51397,WINTER PARK,Orange
5296,32792,1204171,FL,51397,WINTER PARK,Seminole
5297,32796,439655,FL,21398,TITUSVILLE,Brevard
5298,32798,61164,FL,2475,ZELLWOOD,Orange
5299,32801,722004,FL,12235,ORLANDO,Orange
5300,32803,867290,FL,17529,ORLANDO,Orange
5301,32804,957424,FL,17721,ORLANDO,Orange
5302,32805,245071,FL,22104,ORLANDO,Orange
5303,32806,1064283,FL,26797,ORLANDO,Orange
5304,32807,517746,FL,31888,ORLANDO,Orange
5305,32808,606931,FL,51507,ORLANDO,Orange
5306,32809,565326,FL,27857,ORLANDO,Orange
5307,32810,609883,FL,36015,ORLANDO,Orange
5308,32811,521704,FL,39748,ORLANDO,Orange
5309,32812,885154,FL,36083,ORLANDO,Orange
5310,32814,589377,FL,7532,ORLANDO,Orange
5311,32817,759470,FL,35265,ORLANDO,Orange
5312,32818,714601,FL,51824,ORLANDO,Orange
5313,32819,1276598,FL,27620,ORLANDO,Orange
5314,32820,268861,FL,9422,ORLANDO,Orange
5315,32821,467778,FL,16870,ORLANDO,Orange
5316,32822,877271,FL,57441,ORLANDO,Orange
5317,32824,953998,FL,41857,ORLANDO,Orange
5318,32825,1265832,FL,58189,ORLANDO,Orange
5319,32826,399473,FL,35206,ORLANDO,Orange
5320,32827,704752,FL,8953,ORLANDO,Orange
5321,32828,1772778,FL,63788,ORLANDO,Orange
5322,32829,492822,FL,21156,ORLANDO,Orange
5323,32830,207326,FL,11,ORLANDO,Orange
5324,32832,860156,FL,21413,ORLANDO,Orange
5325,32833,255284,FL,9537,ORLANDO,Orange
5326,32835,1031484,FL,42960,ORLANDO,Orange
5327,32836,1142615,FL,17631,ORLANDO,Orange
5328,32837,1229763,FL,53657,ORLANDO,Orange
5329,32837,1229763,FL,53657,ORLANDO,Osceola
5330,32839,774113,FL,51706,ORLANDO,Orange
5331,32901,429523,FL,24946,MELBOURNE,Brevard
5332,32903,690923,FL,13697,INDIALANTIC,Brevard
5333,32904,909690,FL,29054,MELBOURNE,Brevard
5334,32905,418636,FL,23520,PALM BAY,Brevard
5335,32907,829465,FL,43141,PALM BAY,Brevard
5336,32908,227360,FL,11323,PALM BAY,Brevard
5337,32909,663970,FL,30380,PALM BAY,Brevard
5338,32920,315639,FL,10018,CAPE CANAVERAL,Brevard
5339,32922,213653,FL,16043,COCOA,Brevard
5340,32925,30347,FL,1457,PATRICK AFB,Brevard
5341,32926,498896,FL,22422,COCOA,Brevard
5342,32927,584271,FL,25168,COCOA,Brevard
5343,32931,619649,FL,14114,COCOA BEACH,Brevard
5344,32934,656699,FL,17952,MELBOURNE,Brevard
5345,32935,859462,FL,40438,MELBOURNE,Brevard
5346,32937,1202762,FL,26319,SATELLITE BEACH,Brevard
5347,32940,1755233,FL,36475,MELBOURNE,Brevard
5348,32948,100599,FL,7733,FELLSMERE,Indian River
5349,32949,91918,FL,2602,GRANT,Brevard
5350,32950,156590,FL,3977,MALABAR,Brevard
5351,32951,542512,FL,11326,MELBOURNE BEACH,Brevard
5352,32952,847441,FL,20302,MERRITT ISLAND,Brevard
5353,32953,757093,FL,23426,MERRITT ISLAND,Brevard
5354,32955,1249496,FL,38137,ROCKLEDGE,Brevard
5355,32958,684281,FL,26817,SEBASTIAN,Indian River
5356,32960,471653,FL,21046,VERO BEACH,Indian River
5357,32962,522008,FL,24468,VERO BEACH,Indian River
5358,32963,3103187,FL,14591,VERO BEACH,Indian River
5359,32963,3103187,FL,14591,VERO BEACH,St. Lucie
5360,32966,522606,FL,16262,VERO BEACH,Indian River
5361,32967,727303,FL,19942,VERO BEACH,Indian River
5362,32968,445308,FL,14225,VERO BEACH,Indian River
5363,32970,12416,FL,285,WABASSO,Indian River
5364,32976,159577,FL,8418,SEBASTIAN,Brevard
5365,33001,11151,FL,192,LONG KEY,Monroe
5366,33004,359369,FL,16526,DANIA,Broward
5367,33009,952069,FL,40835,HALLANDALE,Broward
5368,33010,560041,FL,47581,HIALEAH,Miami-Dade
5369,33012,1050214,FL,76384,HIALEAH,Miami-Dade
5370,33013,480522,FL,33430,HIALEAH,Miami-Dade
5371,33014,924519,FL,40187,HIALEAH,Miami-Dade
5372,33015,1248389,FL,68143,HIALEAH,Miami-Dade
5373,33016,945873,FL,50138,HIALEAH,Miami-Dade
5374,33018,1025313,FL,49283,HIALEAH,Broward
5375,33018,1025313,FL,49283,HIALEAH,Miami-Dade
5376,33019,913303,FL,14923,HOLLYWOOD,Broward
5377,33020,786430,FL,44188,HOLLYWOOD,Broward
5378,33021,1367422,FL,48301,HOLLYWOOD,Broward
5379,33023,1123274,FL,70910,HOLLYWOOD,Broward
5380,33023,1123274,FL,70910,HOLLYWOOD,Miami-Dade
5381,33024,1700106,FL,73034,HOLLYWOOD,Broward
5382,33025,1485970,FL,65059,HOLLYWOOD,Broward
5383,33026,983915,FL,30474,HOLLYWOOD,Broward
5384,33027,1854952,FL,60995,HOLLYWOOD,Broward
5385,33028,945737,FL,28537,PEMBROKE PINES,Broward
5386,33029,1655764,FL,46724,HOLLYWOOD,Broward
5387,33030,481966,FL,35279,HOMESTEAD,Miami-Dade
5388,33031,199514,FL,7087,HOMESTEAD,Miami-Dade
5389,33032,781253,FL,43281,HOMESTEAD,Miami-Dade
5390,33033,927748,FL,55956,HOMESTEAD,Miami-Dade
5391,33034,220208,FL,22315,HOMESTEAD,Miami-Dade
5392,33034,220208,FL,22315,HOMESTEAD,Monroe
5393,33035,275161,FL,17430,HOMESTEAD,Miami-Dade
5394,33036,313531,FL,3293,ISLAMORADA,Monroe
5395,33037,1260562,FL,11071,KEY LARGO,Monroe
5396,33040,1430838,FL,35357,KEY WEST,Monroe
5397,33042,305105,FL,6707,SUMMERLAND KEY,Monroe
5398,33043,160852,FL,4977,BIG PINE KEY,Monroe
5399,33050,397914,FL,9417,MARATHON,Monroe
5400,33051,60629,FL,696,KEY COLONY BEACH,Monroe
5401,33054,367533,FL,31180,OPA LOCKA,Miami-Dade
5402,33055,701436,FL,45974,OPA LOCKA,Miami-Dade
5403,33056,581193,FL,34751,MIAMI GARDENS,Miami-Dade
5404,33060,786104,FL,35593,POMPANO BEACH,Broward
5405,33062,1940511,FL,21464,POMPANO BEACH,Broward
5406,33063,1149874,FL,53732,POMPANO BEACH,Broward
5407,33064,1645040,FL,59265,POMPANO BEACH,Broward
5408,33065,1170677,FL,55860,POMPANO BEACH,Broward
5409,33066,425446,FL,17131,POMPANO BEACH,Broward
5410,33067,1448812,FL,28131,POMPANO BEACH,Broward
5411,33068,809997,FL,51465,POMPANO BEACH,Broward
5412,33069,595983,FL,27191,POMPANO BEACH,Broward
5413,33070,269229,FL,5433,TAVERNIER,Monroe
5414,33071,1342398,FL,38968,POMPANO BEACH,Broward
5415,33073,863820,FL,32019,POMPANO BEACH,Broward
5416,33076,2116388,FL,33068,POMPANO BEACH,Broward
5417,33109,444490,FL,636,MIAMI BEACH,Miami-Dade
5418,33122,54414,FL,151,MIAMI,Miami-Dade
5419,33125,686484,FL,58144,MIAMI,Miami-Dade
5420,33126,828878,FL,52835,MIAMI,Miami-Dade
5421,33127,324669,FL,31904,MIAMI,Miami-Dade
5422,33128,64143,FL,7367,MIAMI,Miami-Dade
5423,33129,665923,FL,12579,MIAMI,Miami-Dade
5424,33130,639962,FL,25503,MIAMI,Miami-Dade
5425,33131,1894002,FL,16041,MIAMI,Miami-Dade
5426,33132,571687,FL,11433,MIAMI,Miami-Dade
5427,33133,2202979,FL,34228,MIAMI,Miami-Dade
5428,33134,1892341,FL,41340,MIAMI,Miami-Dade
5429,33135,440104,FL,38867,MIAMI,Miami-Dade
5430,33136,187128,FL,13687,MIAMI,Miami-Dade
5431,33137,848906,FL,23520,MIAMI,Miami-Dade
5432,33138,1050149,FL,30195,MIAMI,Miami-Dade
5433,33139,3329199,FL,38027,MIAMI BEACH,Miami-Dade
5434,33140,2615854,FL,22222,MIAMI BEACH,Miami-Dade
5435,33141,1309460,FL,39738,MIAMI BEACH,Miami-Dade
5436,33142,584716,FL,54571,MIAMI,Miami-Dade
5437,33143,1851084,FL,32499,MIAMI,Miami-Dade
5438,33144,496760,FL,27856,MIAMI,Miami-Dade
5439,33145,702116,FL,32477,MIAMI,Miami-Dade
5440,33146,1032253,FL,15505,MIAMI,Miami-Dade
5441,33147,588048,FL,45676,MIAMI,Miami-Dade
5442,33149,1263956,FL,12935,KEY BISCAYNE,Miami-Dade
5443,33150,355927,FL,27588,MIAMI,Miami-Dade
5444,33154,1568554,FL,14666,MIAMI BEACH,Miami-Dade
5445,33155,1210626,FL,46602,MIAMI,Miami-Dade
5446,33156,2909720,FL,33030,MIAMI,Miami-Dade
5447,33157,1766610,FL,68396,MIAMI,Miami-Dade
5448,33158,475314,FL,6893,MIAMI,Miami-Dade
5449,33160,1944614,FL,39759,NORTH MIAMI BEACH,Broward
5450,33160,1944614,FL,39759,NORTH MIAMI BEACH,Miami-Dade
5451,33161,830950,FL,56385,MIAMI,Miami-Dade
5452,33162,689821,FL,47394,MIAMI,Miami-Dade
5453,33165,1215753,FL,56771,MIAMI,Miami-Dade
5454,33166,713343,FL,24328,MIAMI,Miami-Dade
5455,33167,288402,FL,20061,MIAMI,Miami-Dade
5456,33168,421164,FL,29291,MIAMI,Miami-Dade
5457,33169,745969,FL,41037,MIAMI,Miami-Dade
5458,33170,248346,FL,14535,MIAMI,Miami-Dade
5459,33172,771707,FL,41456,MIAMI,Miami-Dade
5460,33173,996720,FL,32696,MIAMI,Miami-Dade
5461,33174,544251,FL,32580,MIAMI,Miami-Dade
5462,33175,1300113,FL,54462,MIAMI,Miami-Dade
5463,33176,1906557,FL,50819,MIAMI,Miami-Dade
5464,33177,1031625,FL,57570,MIAMI,Miami-Dade
5465,33178,1298253,FL,47417,MIAMI,Miami-Dade
5466,33179,998469,FL,44451,MIAMI,Miami-Dade
5467,33180,1546395,FL,32365,MIAMI,Miami-Dade
5468,33181,524650,FL,18612,MIAMI,Miami-Dade
5469,33182,384662,FL,18393,MIAMI,Miami-Dade
5470,33183,831305,FL,38469,MIAMI,Miami-Dade
5471,33184,465357,FL,22071,MIAMI,Miami-Dade
5472,33185,767794,FL,30910,MIAMI,Miami-Dade
5473,33186,1796866,FL,70882,MIAMI,Miami-Dade
5474,33187,469490,FL,18837,MIAMI,Miami-Dade
5475,33189,516788,FL,26363,MIAMI,Miami-Dade
5476,33190,283733,FL,14980,MIAMI,Miami-Dade
5477,33193,952721,FL,50063,MIAMI,Miami-Dade
5478,33194,150374,FL,7340,MIAMI,Miami-Dade
5479,33196,1197771,FL,48092,MIAMI,Miami-Dade
5480,33301,2301549,FL,13565,FORT LAUDERDALE,Broward
5481,33304,1166561,FL,18852,FORT LAUDERDALE,Broward
5482,33305,851882,FL,12255,FORT LAUDERDALE,Broward
5483,33306,212224,FL,3267,FORT LAUDERDALE,Broward
5484,33308,2185445,FL,27661,FORT LAUDERDALE,Broward
5485,33309,786895,FL,37936,FORT LAUDERDALE,Broward
5486,33311,945347,FL,68664,FORT LAUDERDALE,Broward
5487,33312,1269675,FL,54714,FORT LAUDERDALE,Broward
5488,33313,817944,FL,61117,FORT LAUDERDALE,Broward
5489,33314,532364,FL,23768,FORT LAUDERDALE,Broward
5490,33315,424059,FL,13465,FORT LAUDERDALE,Broward
5491,33316,1234718,FL,10015,FORT LAUDERDALE,Broward
5492,33317,1067269,FL,36801,FORT LAUDERDALE,Broward
5493,33319,911571,FL,47191,FORT LAUDERDALE,Broward
5494,33321,1102146,FL,47039,FORT LAUDERDALE,Broward
5495,33322,1048369,FL,38996,FORT LAUDERDALE,Broward
5496,33323,850174,FL,19995,FORT LAUDERDALE,Broward
5497,33324,1689445,FL,46119,FORT LAUDERDALE,Broward
5498,33325,1123670,FL,29622,FORT LAUDERDALE,Broward
5499,33326,1219143,FL,33558,FORT LAUDERDALE,Broward
5500,33327,1137742,FL,23895,FORT LAUDERDALE,Broward
5501,33328,1220664,FL,29233,FORT LAUDERDALE,Broward
5502,33330,1026500,FL,14314,FORT LAUDERDALE,Broward
5503,33331,1199657,FL,24151,FORT LAUDERDALE,Broward
5504,33332,671946,FL,11350,FORT LAUDERDALE,Broward
5505,33334,789812,FL,30307,FORT LAUDERDALE,Broward
5506,33351,779108,FL,35386,FORT LAUDERDALE,Broward
5507,33401,1852787,FL,26501,WEST PALM BEACH,Palm Beach
5508,33403,259410,FL,12537,WEST PALM BEACH,Palm Beach
5509,33404,1088613,FL,28039,WEST PALM BEACH,Palm Beach
5510,33405,638786,FL,20972,WEST PALM BEACH,Palm Beach
5511,33406,553091,FL,25709,WEST PALM BEACH,Palm Beach
5512,33407,590904,FL,30311,WEST PALM BEACH,Palm Beach
5513,33408,1842012,FL,17652,NORTH PALM BEACH,Palm Beach
5514,33409,624342,FL,31318,WEST PALM BEACH,Palm Beach
5515,33410,2320052,FL,36019,PALM BEACH GARDENS,Palm Beach
5516,33411,2162803,FL,68557,WEST PALM BEACH,Palm Beach
5517,33412,813682,FL,13654,WEST PALM BEACH,Palm Beach
5518,33413,372657,FL,15865,WEST PALM BEACH,Palm Beach
5519,33414,2432535,FL,58530,WELLINGTON,Palm Beach
5520,33415,698065,FL,49938,WEST PALM BEACH,Palm Beach
5521,33417,520457,FL,31873,WEST PALM BEACH,Palm Beach
5522,33418,3351457,FL,37716,PALM BEACH GARDENS,Palm Beach
5523,33426,589282,FL,21739,BOYNTON BEACH,Palm Beach
5524,33428,1253622,FL,39853,BOCA RATON,Palm Beach
5525,33430,278140,FL,21843,BELLE GLADE,Palm Beach
5526,33431,1508180,FL,18535,BOCA RATON,Palm Beach
5527,33432,2498009,FL,20284,BOCA RATON,Broward
5528,33432,2498009,FL,20284,BOCA RATON,Palm Beach
5529,33433,1803421,FL,42445,BOCA RATON,Palm Beach
5530,33434,1046630,FL,20438,BOCA RATON,Palm Beach
5531,33435,1178326,FL,34304,BOYNTON BEACH,Palm Beach
5532,33436,1390128,FL,43911,BOYNTON BEACH,Palm Beach
5533,33437,1408558,FL,38644,BOYNTON BEACH,Palm Beach
5534,33438,15871,FL,384,CANAL POINT,Martin
5535,33438,15871,FL,384,CANAL POINT,Palm Beach
5536,33440,364720,FL,20048,CLEWISTON,Hendry
5537,33440,364720,FL,20048,CLEWISTON,Palm Beach
5538,33441,697652,FL,26959,DEERFIELD BEACH,Broward
5539,33442,742619,FL,29192,DEERFIELD BEACH,Broward
5540,33444,658486,FL,22980,DELRAY BEACH,Palm Beach
5541,33445,1049704,FL,31141,DELRAY BEACH,Palm Beach
5542,33446,1835404,FL,22881,DELRAY BEACH,Palm Beach
5543,33449,547370,FL,11843,LAKE WORTH,Palm Beach
5544,33455,1600839,FL,22804,HOBE SOUND,Martin
5545,33458,2661292,FL,53987,JUPITER,Martin
5546,33458,2661292,FL,53987,JUPITER,Palm Beach
5547,33460,540128,FL,31427,LAKE WORTH,Palm Beach
5548,33461,624808,FL,44102,LAKE WORTH,Palm Beach
5549,33462,1233771,FL,33183,LAKE WORTH,Palm Beach
5550,33463,1212852,FL,59303,LAKE WORTH,Palm Beach
5551,33467,1812564,FL,51099,LAKE WORTH,Palm Beach
5552,33469,1182355,FL,15429,JUPITER,Martin
5553,33469,1182355,FL,15429,JUPITER,Palm Beach
5554,33470,814326,FL,25888,LOXAHATCHEE,Palm Beach
5555,33471,77237,FL,7729,MOORE HAVEN,Glades
5556,33472,711022,FL,19540,BOYNTON BEACH,Palm Beach
5557,33473,671974,FL,9954,BOYNTON BEACH,Palm Beach
5558,33476,78367,FL,7897,PAHOKEE,Palm Beach
5559,33477,1936029,FL,13910,JUPITER,Palm Beach
5560,33478,668678,FL,12409,JUPITER,Martin
5561,33478,668678,FL,12409,JUPITER,Palm Beach
5562,33480,5589737,FL,9844,PALM BEACH,Palm Beach
5563,33483,2073730,FL,11566,DELRAY BEACH,Palm Beach
5564,33484,817387,FL,24651,DELRAY BEACH,Palm Beach
5565,33486,1035196,FL,24118,BOCA RATON,Palm Beach
5566,33487,1430802,FL,18336,BOCA RATON,Palm Beach
5567,33493,38570,FL,5395,SOUTH BAY,Palm Beach
5568,33496,2535643,FL,22210,BOCA RATON,Palm Beach
5569,33498,687899,FL,14105,BOCA RATON,Palm Beach
5570,33503,9995,FL,98,BALM,Hillsborough
5571,33510,654246,FL,27450,BRANDON,Hillsborough
5572,33511,1411533,FL,54641,BRANDON,Hillsborough
5573,33513,193723,FL,11936,BUSHNELL,Sumter
5574,33514,29775,FL,2224,CENTER HILL,Sumter
5575,33521,11267,FL,469,COLEMAN,Sumter
5576,33523,302399,FL,17736,DADE CITY,Hernando
5577,33523,302399,FL,17736,DADE CITY,Pasco
5578,33525,421794,FL,19163,DADE CITY,Pasco
5579,33527,359901,FL,15172,DOVER,Hillsborough
5580,33534,266107,FL,16205,GIBSONTON,Hillsborough
5581,33538,71809,FL,4651,LAKE PANASOFFKEE,Sumter
5582,33540,139334,FL,8741,ZEPHYRHILLS,Hillsborough
5583,33540,139334,FL,8741,ZEPHYRHILLS,Pasco
5584,33541,344180,FL,19374,ZEPHYRHILLS,Pasco
5585,33542,293441,FL,19826,ZEPHYRHILLS,Pasco
5586,33543,930476,FL,24117,WESLEY CHAPEL,Pasco
5587,33544,862384,FL,25477,WESLEY CHAPEL,Pasco
5588,33545,466122,FL,16967,WESLEY CHAPEL,Pasco
5589,33547,1098818,FL,24084,LITHIA,Hillsborough
5590,33547,1098818,FL,24084,LITHIA,Polk
5591,33548,381846,FL,6473,LUTZ,Hillsborough
5592,33548,381846,FL,6473,LUTZ,Pasco
5593,33549,558866,FL,16602,LUTZ,Hillsborough
5594,33549,558866,FL,16602,LUTZ,Pasco
5595,33556,1548715,FL,21932,ODESSA,Hillsborough
5596,33556,1548715,FL,21932,ODESSA,Pasco
5597,33558,1034919,FL,21405,LUTZ,Hillsborough
5598,33558,1034919,FL,21405,LUTZ,Pasco
5599,33559,402855,FL,17426,LUTZ,Hillsborough
5600,33559,402855,FL,17426,LUTZ,Pasco
5601,33563,458026,FL,26912,PLANT CITY,Hillsborough
5602,33565,393858,FL,17877,PLANT CITY,Hillsborough
5603,33566,533301,FL,20511,PLANT CITY,Hillsborough
5604,33567,224817,FL,12305,PLANT CITY,Hillsborough
5605,33569,710616,FL,25418,RIVERVIEW,Hillsborough
5606,33570,538817,FL,25698,RUSKIN,Hillsborough
5607,33570,538817,FL,25698,RUSKIN,Manatee
5608,33572,897954,FL,16168,APOLLO BEACH,Hillsborough
5609,33573,772324,FL,20836,SUN CITY CENTER,Hillsborough
5610,33576,167825,FL,3974,SAN ANTONIO,Pasco
5611,33578,1205843,FL,46431,RIVERVIEW,Hillsborough
5612,33579,826303,FL,30198,RIVERVIEW,Hillsborough
5613,33584,582384,FL,25104,SEFFNER,Hillsborough
5614,33585,26273,FL,1197,SUMTERVILLE,Sumter
5615,33592,275891,FL,10119,THONOTOSASSA,Hillsborough
5616,33594,898971,FL,35340,VALRICO,Hillsborough
5617,33596,1060397,FL,29386,VALRICO,Hillsborough
5618,33597,129965,FL,9076,WEBSTER,Hernando
5619,33597,129965,FL,9076,WEBSTER,Pasco
5620,33597,129965,FL,9076,WEBSTER,Sumter
5621,33598,442865,FL,14827,WIMAUMA,Hillsborough
5622,33598,442865,FL,14827,WIMAUMA,Manatee
5623,33602,1028145,FL,14151,TAMPA,Hillsborough
5624,33603,421593,FL,19710,TAMPA,Hillsborough
5625,33604,600134,FL,38460,TAMPA,Hillsborough
5626,33605,237888,FL,18319,TAMPA,Hillsborough
5627,33606,1365392,FL,18527,TAMPA,Hillsborough
5628,33607,625831,FL,25103,TAMPA,Hillsborough
5629,33609,1143116,FL,17187,TAMPA,Hillsborough
5630,33610,571340,FL,42342,TAMPA,Hillsborough
5631,33611,1336468,FL,32155,TAMPA,Hillsborough
5632,33612,650058,FL,45980,TAMPA,Hillsborough
5633,33613,862245,FL,33549,TAMPA,Hillsborough
5634,33614,779047,FL,47755,TAMPA,Hillsborough
5635,33615,1014934,FL,46297,TAMPA,Hillsborough
5636,33616,442273,FL,15006,TAMPA,Hillsborough
5637,33617,852104,FL,45466,TAMPA,Hillsborough
5638,33618,1086477,FL,26123,TAMPA,Hillsborough
5639,33619,567801,FL,37034,TAMPA,Hillsborough
5640,33621,44595,FL,2384,TAMPA,Hillsborough
5641,33624,1097842,FL,38513,TAMPA,Hillsborough
5642,33625,697479,FL,26024,TAMPA,Hillsborough
5643,33626,1625068,FL,29178,TAMPA,Hillsborough
5644,33626,1625068,FL,29178,TAMPA,Pinellas
5645,33629,2234855,FL,26022,TAMPA,Hillsborough
5646,33634,499471,FL,20264,TAMPA,Hillsborough
5647,33635,471408,FL,17166,TAMPA,Hillsborough
5648,33637,336260,FL,15608,TAMPA,Hillsborough
5649,33647,2625643,FL,63542,TAMPA,Hillsborough
5650,33701,992050,FL,15170,SAINT PETERSBURG,Pinellas
5651,33702,909532,FL,29829,SAINT PETERSBURG,Pinellas
5652,33703,1120889,FL,24141,SAINT PETERSBURG,Pinellas
5653,33704,1132101,FL,16398,SAINT PETERSBURG,Pinellas
5654,33705,597168,FL,27154,SAINT PETERSBURG,Pinellas
5655,33706,1018270,FL,16220,SAINT PETERSBURG,Pinellas
5656,33707,856728,FL,24833,SAINT PETERSBURG,Pinellas
5657,33708,772619,FL,16194,SAINT PETERSBURG,Pinellas
5658,33709,466036,FL,26883,SAINT PETERSBURG,Pinellas
5659,33710,909449,FL,33977,SAINT PETERSBURG,Pinellas
5660,33711,414020,FL,19639,SAINT PETERSBURG,Pinellas
5661,33712,459315,FL,25769,SAINT PETERSBURG,Pinellas
5662,33713,655194,FL,31805,SAINT PETERSBURG,Pinellas
5663,33714,276663,FL,19499,SAINT PETERSBURG,Pinellas
5664,33715,847588,FL,7108,SAINT PETERSBURG,Pinellas
5665,33716,479887,FL,17090,SAINT PETERSBURG,Pinellas
5666,33744,4448,FL,173,BAY PINES,Pinellas
5667,33755,514030,FL,24860,CLEARWATER,Pinellas
5668,33756,958081,FL,31910,CLEARWATER,Pinellas
5669,33759,537701,FL,17840,CLEARWATER,Pinellas
5670,33760,366743,FL,17401,CLEARWATER,Pinellas
5671,33761,597750,FL,19579,CLEARWATER,Pinellas
5672,33762,316559,FL,7210,CLEARWATER,Pinellas
5673,33763,451446,FL,18096,CLEARWATER,Pinellas
5674,33764,751817,FL,25754,CLEARWATER,Pinellas
5675,33765,333698,FL,14338,CLEARWATER,Pinellas
5676,33767,778932,FL,8065,CLEARWATER BEACH,Pinellas
5677,33770,664164,FL,25687,LARGO,Pinellas
5678,33771,526443,FL,28475,LARGO,Pinellas
5679,33772,696531,FL,22242,SEMINOLE,Pinellas
5680,33773,425825,FL,17366,LARGO,Pinellas
5681,33774,493726,FL,18751,LARGO,Pinellas
5682,33776,465948,FL,12746,SEMINOLE,Pinellas
5683,33777,607466,FL,16380,SEMINOLE,Pinellas
5684,33778,342769,FL,14377,LARGO,Pinellas
5685,33781,475063,FL,25180,PINELLAS PARK,Pinellas
5686,33782,518364,FL,22918,PINELLAS PARK,Pinellas
5687,33785,368583,FL,5711,INDIAN ROCKS BEACH,Pinellas
5688,33786,199922,FL,1671,BELLEAIR BEACH,Pinellas
5689,33801,426466,FL,35695,LAKELAND,Polk
5690,33803,880884,FL,28901,LAKELAND,Polk
5691,33805,345423,FL,24087,LAKELAND,Polk
5692,33809,646322,FL,28687,LAKELAND,Pasco
5693,33809,646322,FL,28687,LAKELAND,Polk
5694,33810,1028805,FL,48891,LAKELAND,Hillsborough
5695,33810,1028805,FL,48891,LAKELAND,Polk
5696,33811,609294,FL,21216,LAKELAND,Polk
5697,33812,372993,FL,12824,LAKELAND,Polk
5698,33813,1277256,FL,35630,LAKELAND,Polk
5699,33815,161159,FL,14274,LAKELAND,Polk
5700,33823,654814,FL,30488,AUBURNDALE,Polk
5701,33825,338918,FL,26187,AVON PARK,Highlands
5702,33825,338918,FL,26187,AVON PARK,Polk
5703,33827,69253,FL,2993,BABSON PARK,Polk
5704,33830,515230,FL,27385,BARTOW,Polk
5705,33834,72651,FL,7981,BOWLING GREEN,Hardee
5706,33834,72651,FL,7981,BOWLING GREEN,Manatee
5707,33834,72651,FL,7981,BOWLING GREEN,Polk
5708,33837,609626,FL,23717,DAVENPORT,Polk
5709,33838,71593,FL,3822,DUNDEE,Polk
5710,33839,79290,FL,2787,EAGLE LAKE,Polk
5711,33841,135623,FL,9005,FORT MEADE,Hardee
5712,33841,135623,FL,9005,FORT MEADE,Polk
5713,33843,146897,FL,12967,FROSTPROOF,Polk
5714,33844,592332,FL,34703,HAINES CITY,Polk
5715,33847,7271,FL,156,HOMELAND,Polk
5716,33848,15194,FL,1067,INTERCESSION CITY,Osceola
5717,33849,34017,FL,909,KATHLEEN,Pasco
5718,33849,34017,FL,909,KATHLEEN,Polk
5719,33850,141899,FL,8033,LAKE ALFRED,Polk
5720,33851,22000,FL,974,LAKE HAMILTON,Polk
5721,33852,374938,FL,20182,LAKE PLACID,Highlands
5722,33853,163021,FL,12063,LAKE WALES,Polk
5723,33854,2673,FL,77,LAKESHORE,Polk
5724,33855,17927,FL,15,INDIAN LAKE ESTATES,Polk
5725,33856,11715,FL,449,NALCREST,Polk
5726,33857,23024,FL,1597,LORIDA,Highlands
5727,33859,259736,FL,10200,LAKE WALES,Polk
5728,33860,445255,FL,23132,MULBERRY,Hillsborough
5729,33860,445255,FL,23132,MULBERRY,Polk
5730,33865,15690,FL,426,ONA,DeSoto
5731,33865,15690,FL,426,ONA,Hardee
5732,33865,15690,FL,426,ONA,Manatee
5733,33868,215517,FL,11490,POLK CITY,Polk
5734,33870,321021,FL,21036,SEBRING,Highlands
5735,33872,278610,FL,16134,SEBRING,Highlands
5736,33873,219124,FL,13841,WAUCHULA,Hardee
5737,33875,230093,FL,10245,SEBRING,Highlands
5738,33876,87900,FL,4510,SEBRING,Highlands
5739,33877,8603,FL,504,WAVERLY,Polk
5740,33880,649696,FL,37192,WINTER HAVEN,Polk
5741,33881,576492,FL,31396,WINTER HAVEN,Polk
5742,33884,952159,FL,29577,WINTER HAVEN,Polk
5743,33890,78522,FL,5180,ZOLFO SPRINGS,Hardee
5744,33896,305453,FL,9137,DAVENPORT,Osceola
5745,33896,305453,FL,9137,DAVENPORT,Polk
5746,33897,384751,FL,17854,DAVENPORT,Polk
5747,33898,290572,FL,16368,LAKE WALES,Polk
5748,33901,537231,FL,20108,FORT MYERS,Lee
5749,33903,518047,FL,21738,NORTH FORT MYERS,Lee
5750,33904,961322,FL,32494,CAPE CORAL,Lee
5751,33905,723175,FL,35997,FORT MYERS,Lee
5752,33907,539391,FL,22991,FORT MYERS,Lee
5753,33908,2162683,FL,35728,FORT MYERS,Lee
5754,33909,576205,FL,26748,CAPE CORAL,Lee
5755,33912,978047,FL,16555,FORT MYERS,Lee
5756,33913,1204382,FL,19673,FORT MYERS,Lee
5757,33914,1412040,FL,36854,CAPE CORAL,Lee
5758,33916,349906,FL,22130,FORT MYERS,Lee
5759,33917,633196,FL,29254,NORTH FORT MYERS,Charlotte
5760,33917,633196,FL,29254,NORTH FORT MYERS,Lee
5761,33919,1190519,FL,28784,FORT MYERS,Lee
5762,33920,209072,FL,5218,ALVA,Lee
5763,33921,632429,FL,1065,BOCA GRANDE,Lee
5764,33922,118493,FL,3434,BOKEELIA,Lee
5765,33924,132943,FL,233,CAPTIVA,Lee
5766,33928,1231646,FL,23428,ESTERO,Lee
5767,33930,17775,FL,789,FELDA,Hendry
5768,33931,479146,FL,10263,FORT MYERS BEACH,Lee
5769,33935,261913,FL,19242,LABELLE,Glades
5770,33935,261913,FL,19242,LABELLE,Hendry
5771,33936,332709,FL,20619,LEHIGH ACRES,Lee
5772,33944,4028,FL,491,PALMDALE,Glades
5773,33945,14256,FL,0,PINELAND,Lee
5774,33946,165132,FL,2052,PLACIDA,Charlotte
5775,33947,273057,FL,8739,ROTONDA WEST,Charlotte
5776,33948,378748,FL,16570,PORT CHARLOTTE,Charlotte
5777,33950,1011526,FL,20697,PUNTA GORDA,Charlotte
5778,33952,594782,FL,31044,PORT CHARLOTTE,Charlotte
5779,33953,208409,FL,6454,PORT CHARLOTTE,Charlotte
5780,33954,231103,FL,8329,PORT CHARLOTTE,Charlotte
5781,33955,323182,FL,10912,PUNTA GORDA,Charlotte
5782,33955,323182,FL,10912,PUNTA GORDA,Lee
5783,33956,155498,FL,3667,SAINT JAMES CITY,Lee
5784,33957,919408,FL,7044,SANIBEL,Lee
5785,33960,12278,FL,698,VENUS,Glades
5786,33960,12278,FL,698,VENUS,Highlands
5787,33966,399599,FL,9431,FORT MYERS,Lee
5788,33967,640018,FL,23600,FORT MYERS,Lee
5789,33971,405027,FL,24681,LEHIGH ACRES,Lee
5790,33972,221360,FL,15479,LEHIGH ACRES,Lee
5791,33973,142783,FL,14281,LEHIGH ACRES,Lee
5792,33974,230883,FL,17560,LEHIGH ACRES,Lee
5793,33976,216562,FL,17625,LEHIGH ACRES,Lee
5794,33980,255853,FL,12038,PUNTA GORDA,Charlotte
5795,33981,323977,FL,9716,PORT CHARLOTTE,Charlotte
5796,33982,219737,FL,11108,PUNTA GORDA,Charlotte
5797,33983,381750,FL,15223,PUNTA GORDA,Charlotte
5798,33990,697815,FL,32586,CAPE CORAL,Lee
5799,33991,631447,FL,20230,CAPE CORAL,Lee
5800,33993,615902,FL,23312,CAPE CORAL,Lee
5801,34102,2834303,FL,11191,NAPLES,Collier
5802,34103,1976170,FL,12763,NAPLES,Collier
5803,34104,715684,FL,24227,NAPLES,Collier
5804,34105,1556915,FL,16196,NAPLES,Collier
5805,34108,2878659,FL,16595,NAPLES,Collier
5806,34109,1471621,FL,24349,NAPLES,Collier
5807,34110,2275403,FL,23113,NAPLES,Collier
5808,34110,2275403,FL,23113,NAPLES,Lee
5809,34112,790662,FL,25700,NAPLES,Collier
5810,34113,950754,FL,18852,NAPLES,Collier
5811,34114,801020,FL,15609,NAPLES,Collier
5812,34116,585795,FL,35256,NAPLES,Collier
5813,34117,385263,FL,14970,NAPLES,Collier
5814,34119,2097070,FL,29568,NAPLES,Collier
5815,34119,2097070,FL,29568,NAPLES,Lee
5816,34120,1315104,FL,31238,NAPLES,Collier
5817,34134,2140408,FL,13865,BONITA SPRINGS,Collier
5818,34134,2140408,FL,13865,BONITA SPRINGS,Lee
5819,34135,1818060,FL,42580,BONITA SPRINGS,Lee
5820,34138,7977,FL,130,CHOKOLOSKEE,Collier
5821,34139,14009,FL,752,EVERGLADES CITY,Collier
5822,34140,11269,FL,260,GOODLAND,Collier
5823,34141,16643,FL,56,OCHOPEE,Collier
5824,34142,337635,FL,29287,IMMOKALEE,Collier
5825,34142,337635,FL,29287,IMMOKALEE,Lee
5826,34145,2119271,FL,17361,MARCO ISLAND,Collier
5827,34201,314380,FL,4025,BRADENTON,Manatee
5828,34202,1713599,FL,21733,BRADENTON,Manatee
5829,34203,866634,FL,36583,BRADENTON,Manatee
5830,34205,594096,FL,30823,BRADENTON,Manatee
5831,34207,446604,FL,34260,BRADENTON,Manatee
5832,34208,745017,FL,38366,BRADENTON,Manatee
5833,34209,1168504,FL,34324,BRADENTON,Manatee
5834,34210,455645,FL,17462,BRADENTON,Manatee
5835,34211,572762,FL,5358,BRADENTON,Manatee
5836,34212,899444,FL,16827,BRADENTON,Manatee
5837,34215,73338,FL,316,CORTEZ,Manatee
5838,34216,136397,FL,1133,ANNA MARIA,Manatee
5839,34217,277435,FL,5026,BRADENTON BEACH,Manatee
5840,34219,844955,FL,21769,PARRISH,Manatee
5841,34221,983552,FL,42159,PALMETTO,Manatee
5842,34222,311103,FL,11161,ELLENTON,Manatee
5843,34223,641828,FL,16667,ENGLEWOOD,Charlotte
5844,34223,641828,FL,16667,ENGLEWOOD,Sarasota
5845,34224,350723,FL,15783,ENGLEWOOD,Charlotte
5846,34224,350723,FL,15783,ENGLEWOOD,Sarasota
5847,34228,1463461,FL,7158,LONGBOAT KEY,Manatee
5848,34228,1463461,FL,7158,LONGBOAT KEY,Sarasota
5849,34229,593035,FL,7505,OSPREY,Sarasota
5850,34231,1177997,FL,29687,SARASOTA,Sarasota
5851,34232,884633,FL,34433,SARASOTA,Sarasota
5852,34233,580451,FL,17536,SARASOTA,Sarasota
5853,34234,402293,FL,21405,SARASOTA,Sarasota
5854,34235,444570,FL,14426,SARASOTA,Sarasota
5855,34236,1695016,FL,12157,SARASOTA,Sarasota
5856,34237,284339,FL,17456,SARASOTA,Sarasota
5857,34238,1084117,FL,18429,SARASOTA,Sarasota
5858,34239,724505,FL,14993,SARASOTA,Sarasota
5859,34240,715169,FL,11463,SARASOTA,Sarasota
5860,34241,675353,FL,14074,SARASOTA,Sarasota
5861,34242,1224499,FL,7566,SARASOTA,Sarasota
5862,34243,984308,FL,29158,SARASOTA,Manatee
5863,34243,984308,FL,29158,SARASOTA,Sarasota
5864,34251,190219,FL,5247,MYAKKA CITY,Manatee
5865,34251,190219,FL,5247,MYAKKA CITY,Sarasota
5866,34266,327650,FL,31040,ARCADIA,DeSoto
5867,34266,327650,FL,31040,ARCADIA,Highlands
5868,34266,327650,FL,31040,ARCADIA,Sarasota
5869,34268,11616,FL,68,NOCATEE,DeSoto
5870,34269,86380,FL,4087,ARCADIA,Charlotte
5871,34269,86380,FL,4087,ARCADIA,DeSoto
5872,34275,898707,FL,18040,NOKOMIS,Sarasota
5873,34285,736021,FL,18462,VENICE,Sarasota
5874,34286,438031,FL,20726,NORTH PORT,Sarasota
5875,34287,505962,FL,25450,NORTH PORT,Sarasota
5876,34288,301912,FL,10825,NORTH PORT,Sarasota
5877,34289,73675,FL,2329,NORTH PORT,Sarasota
5878,34291,171522,FL,5901,NORTH PORT,Sarasota
5879,34292,631569,FL,15784,VENICE,Sarasota
5880,34293,1304703,FL,35624,VENICE,Sarasota
5881,34420,266805,FL,14639,BELLEVIEW,Marion
5882,34428,178970,FL,9522,CRYSTAL RIVER,Citrus
5883,34429,206640,FL,7430,CRYSTAL RIVER,Citrus
5884,34431,143515,FL,7803,DUNNELLON,Levy
5885,34431,143515,FL,7803,DUNNELLON,Marion
5886,34432,248678,FL,13346,DUNNELLON,Marion
5887,34433,129476,FL,5364,DUNNELLON,Citrus
5888,34434,155938,FL,8416,DUNNELLON,Citrus
5889,34436,132707,FL,8036,FLORAL CITY,Citrus
5890,34442,447533,FL,14693,HERNANDO,Citrus
5891,34446,372309,FL,16397,HOMOSASSA,Citrus
5892,34448,194696,FL,10413,HOMOSASSA,Citrus
5893,34449,52723,FL,2627,INGLIS,Citrus
5894,34449,52723,FL,2627,INGLIS,Levy
5895,34450,213553,FL,10709,INVERNESS,Citrus
5896,34452,200223,FL,11180,INVERNESS,Citrus
5897,34453,193580,FL,10708,INVERNESS,Citrus
5898,34461,260931,FL,10077,LECANTO,Citrus
5899,34465,372193,FL,17244,BEVERLY HILLS,Citrus
5900,34470,317190,FL,18425,OCALA,Marion
5901,34471,810066,FL,25419,OCALA,Marion
5902,34472,463571,FL,29246,OCALA,Marion
5903,34473,305912,FL,20310,OCALA,Marion
5904,34474,322987,FL,15894,OCALA,Marion
5905,34475,150373,FL,12607,OCALA,Marion
5906,34476,548649,FL,22141,OCALA,Marion
5907,34479,230541,FL,13941,OCALA,Marion
5908,34480,561030,FL,18685,OCALA,Marion
5909,34481,520640,FL,18536,OCALA,Marion
5910,34482,412991,FL,23801,OCALA,Marion
5911,34484,171791,FL,3811,OXFORD,Sumter
5912,34488,144574,FL,10106,SILVER SPRINGS,Marion
5913,34491,626268,FL,26153,SUMMERFIELD,Marion
5914,34491,626268,FL,26153,SUMMERFIELD,Sumter
5915,34498,12069,FL,569,YANKEETOWN,Levy
5916,34601,397991,FL,21186,BROOKSVILLE,Citrus
5917,34601,397991,FL,21186,BROOKSVILLE,Hernando
5918,34602,176105,FL,7331,BROOKSVILLE,Hernando
5919,34604,245441,FL,10510,BROOKSVILLE,Hernando
5920,34606,485023,FL,25940,SPRING HILL,Hernando
5921,34607,230133,FL,8772,SPRING HILL,Hernando
5922,34608,539720,FL,33554,SPRING HILL,Hernando
5923,34609,895297,FL,38775,SPRING HILL,Hernando
5924,34610,276068,FL,13276,SPRING HILL,Pasco
5925,34613,391893,FL,17801,BROOKSVILLE,Hernando
5926,34614,141250,FL,6857,BROOKSVILLE,Hernando
5927,34637,259430,FL,7981,LAND O LAKES,Pasco
5928,34638,814398,FL,25073,LAND O LAKES,Pasco
5929,34639,878053,FL,26816,LAND O LAKES,Pasco
5930,34652,499472,FL,23592,NEW PORT RICHEY,Pasco
5931,34653,524299,FL,34516,NEW PORT RICHEY,Pasco
5932,34654,509904,FL,22502,NEW PORT RICHEY,Pasco
5933,34655,1397923,FL,38844,NEW PORT RICHEY,Pasco
5934,34661,5771,FL,194,NOBLETON,Hernando
5935,34667,636853,FL,32610,HUDSON,Pasco
5936,34668,649711,FL,44664,PORT RICHEY,Pasco
5937,34669,271730,FL,12192,HUDSON,Pasco
5938,34677,821095,FL,21374,OLDSMAR,Pinellas
5939,34679,4665,FL,75,ARIPEKA,Pasco
5940,34681,89014,FL,894,CRYSTAL BEACH,Pinellas
5941,34683,1268657,FL,32292,PALM HARBOR,Pinellas
5942,34684,846836,FL,28148,PALM HARBOR,Pinellas
5943,34685,843691,FL,18434,PALM HARBOR,Pinellas
5944,34688,518041,FL,7245,TARPON SPRINGS,Pinellas
5945,34689,741642,FL,27173,TARPON SPRINGS,Pinellas
5946,34690,198682,FL,12152,HOLIDAY,Pasco
5947,34691,363018,FL,19758,HOLIDAY,Pasco
5948,34695,760899,FL,17695,SAFETY HARBOR,Pinellas
5949,34698,1163622,FL,37854,DUNEDIN,Pinellas
5950,34705,51136,FL,2707,ASTATULA,Lake
5951,34711,1771107,FL,55442,CLERMONT,Lake
5952,34714,398980,FL,19463,CLERMONT,Lake
5953,34714,398980,FL,19463,CLERMONT,Polk
5954,34715,455717,FL,16478,CLERMONT,Lake
5955,34731,232303,FL,10926,FRUITLAND PARK,Lake
5956,34731,232303,FL,10926,FRUITLAND PARK,Sumter
5957,34734,172067,FL,4069,GOTHA,Orange
5958,34736,469620,FL,15834,GROVELAND,Lake
5959,34737,114797,FL,2427,HOWEY IN THE HILLS,Lake
5960,34739,14955,FL,421,KENANSVILLE,Osceola
5961,34741,678457,FL,45820,KISSIMMEE,Osceola
5962,34743,569599,FL,40282,KISSIMMEE,Osceola
5963,34744,1019944,FL,50225,KISSIMMEE,Osceola
5964,34746,854856,FL,41043,KISSIMMEE,Osceola
5965,34747,770124,FL,16598,KISSIMMEE,Orange
5966,34747,770124,FL,16598,KISSIMMEE,Osceola
5967,34748,916968,FL,38861,LEESBURG,Lake
5968,34753,87876,FL,5592,MASCOTTE,Lake
5969,34756,160081,FL,3652,MONTVERDE,Lake
5970,34758,564663,FL,37311,KISSIMMEE,Osceola
5971,34759,651864,FL,35558,KISSIMMEE,Osceola
5972,34759,651864,FL,35558,KISSIMMEE,Polk
5973,34760,38314,FL,851,OAKLAND,Orange
5974,34761,1078442,FL,42941,OCOEE,Orange
5975,34762,16206,FL,396,OKAHUMPKA,Lake
5976,34769,450458,FL,22523,SAINT CLOUD,Osceola
5977,34771,572711,FL,14281,SAINT CLOUD,Osceola
5978,34772,655102,FL,29182,SAINT CLOUD,Osceola
5979,34773,97509,FL,3739,SAINT CLOUD,Osceola
5980,34785,214806,FL,26163,WILDWOOD,Sumter
5981,34786,2715939,FL,38249,WINDERMERE,Orange
5982,34787,2146305,FL,55845,WINTER GARDEN,Lake
5983,34787,2146305,FL,55845,WINTER GARDEN,Orange
5984,34788,353240,FL,17401,LEESBURG,Lake
5985,34797,53697,FL,796,YALAHA,Lake
5986,34945,112724,FL,5774,FORT PIERCE,St. Lucie
5987,34946,115865,FL,6753,FORT PIERCE,St. Lucie
5988,34947,142719,FL,13276,FORT PIERCE,St. Lucie
5989,34949,381167,FL,7239,FORT PIERCE,St. Lucie
5990,34950,178107,FL,15099,FORT PIERCE,St. Lucie
5991,34951,301970,FL,14993,FORT PIERCE,St. Lucie
5992,34952,900830,FL,38951,PORT SAINT LUCIE,St. Lucie
5993,34953,1419090,FL,66911,PORT SAINT LUCIE,St. Lucie
5994,34956,114500,FL,9970,INDIANTOWN,Martin
5995,34957,846047,FL,22071,JENSEN BEACH,Martin
5996,34957,846047,FL,22071,JENSEN BEACH,St. Lucie
5997,34972,263661,FL,20053,OKEECHOBEE,Okeechobee
5998,34972,263661,FL,20053,OKEECHOBEE,Osceola
5999,34972,263661,FL,20053,OKEECHOBEE,St. Lucie
6000,34974,467742,FL,22941,OKEECHOBEE,Glades
6001,34974,467742,FL,22941,OKEECHOBEE,Highlands
6002,34974,467742,FL,22941,OKEECHOBEE,Martin
6003,34974,467742,FL,22941,OKEECHOBEE,Okeechobee
6004,34981,94550,FL,5787,FORT PIERCE,St. Lucie
6005,34982,460044,FL,23833,FORT PIERCE,St. Lucie
6006,34983,824512,FL,41469,PORT SAINT LUCIE,St. Lucie
6007,34984,385579,FL,15023,PORT SAINT LUCIE,St. Lucie
6008,34986,950324,FL,24100,PORT SAINT LUCIE,St. Lucie
6009,34987,372559,FL,7167,PORT SAINT LUCIE,St. Lucie
6010,34990,1601819,FL,28134,PALM CITY,Martin
6011,34990,1601819,FL,28134,PALM CITY,St. Lucie
6012,34994,448280,FL,16955,STUART,Martin
6013,34994,448280,FL,16955,STUART,St. Lucie
6014,34996,1183626,FL,11039,STUART,Martin
6015,34997,1512921,FL,42971,STUART,Martin
